state;year;log_wage;hours;urate;min_wage;open_carry;abort_ban
AK;1979;5.5881;37.504;0.073;FALSE;FALSE;FALSE
AL;1979;4.9183;36.289;0.065;FALSE;FALSE;FALSE
AR;1979;4.9378;37.182;0.06;FALSE;FALSE;FALSE
AZ;1979;5.1599;38.692;0.045;FALSE;FALSE;FALSE
CA;1979;5.1923;36.578;0.06;FALSE;FALSE;FALSE
CO;1979;5.0792;36.376;0.035;FALSE;FALSE;FALSE
CT;1979;5.107;35.412;0.038;FALSE;FALSE;FALSE
DE;1979;5.0818;35.949;0.047;FALSE;FALSE;FALSE
FL;1979;4.9952;37.446;0.051;FALSE;FALSE;FALSE
GA;1979;5.0994;37.972;0.073;FALSE;FALSE;FALSE
HI;1979;5.1457;36.917;0.043;FALSE;FALSE;FALSE
IA;1979;4.9749;36.589;0.049;FALSE;FALSE;FALSE
ID;1979;4.8186;33.236;0.053;FALSE;FALSE;FALSE
IL;1979;5.1417;36.059;0.057;FALSE;FALSE;FALSE
IN;1979;4.9994;36.25;0.058;FALSE;FALSE;FALSE
KS;1979;5.0388;36.479;0.035;FALSE;FALSE;FALSE
KY;1979;5.0149;36.681;0.089;FALSE;FALSE;FALSE
LA;1979;4.9289;36.066;0.081;FALSE;FALSE;FALSE
MA;1979;4.9663;33.505;0.056;FALSE;FALSE;FALSE
MD;1979;5.1612;36.11;0.052;FALSE;FALSE;FALSE
ME;1979;4.8681;35.351;0.089;FALSE;FALSE;FALSE
MI;1979;5.0969;35.612;0.069;FALSE;FALSE;FALSE
MN;1979;4.9998;34.781;0.033;FALSE;FALSE;FALSE
MO;1979;5.0373;36.79;0.041;FALSE;FALSE;FALSE
MS;1979;4.9503;37.981;0.036;FALSE;FALSE;FALSE
MT;1979;4.8715;34.378;0.051;FALSE;FALSE;FALSE
NC;1979;5.0038;37.756;0.047;FALSE;FALSE;FALSE
ND;1979;4.8834;34.035;0.028;FALSE;FALSE;FALSE
NE;1979;4.9291;35.051;0.023;FALSE;FALSE;FALSE
NH;1979;4.9007;34.883;0.028;FALSE;FALSE;FALSE
NJ;1979;5.0717;34.591;0.066;FALSE;FALSE;FALSE
NM;1979;5.0105;36.234;0.06;FALSE;FALSE;FALSE
NV;1979;5.1252;37.784;0.058;FALSE;FALSE;FALSE
NY;1979;5.0661;34.807;0.069;FALSE;FALSE;FALSE
OH;1979;5.0578;36.377;0.055;FALSE;FALSE;FALSE
OK;1979;5.0982;36.899;0.019;FALSE;FALSE;FALSE
OR;1979;5.1164;36.245;0.064;FALSE;FALSE;FALSE
PA;1979;5.06;35.608;0.051;FALSE;FALSE;FALSE
RI;1979;4.9701;34.398;0.029;FALSE;FALSE;FALSE
SC;1979;4.9719;36.587;0.042;FALSE;FALSE;FALSE
SD;1979;4.7976;34.784;0.039;FALSE;FALSE;FALSE
TN;1979;4.9951;37.632;0.058;FALSE;FALSE;FALSE
TX;1979;5.0553;37.309;0.043;FALSE;FALSE;FALSE
UT;1979;4.956;34.048;0.039;FALSE;FALSE;FALSE
VA;1979;5.1224;37.42;0.042;FALSE;FALSE;FALSE
VT;1979;4.8422;34.6;0.042;FALSE;FALSE;FALSE
WA;1979;5.1381;35.459;0.082;FALSE;FALSE;FALSE
WI;1979;4.8745;32.432;0.038;FALSE;FALSE;FALSE
WV;1979;4.9314;36.804;0.078;FALSE;FALSE;FALSE
WY;1979;4.9839;36.06;0.042;FALSE;FALSE;FALSE
AK;1980;5.5487;37.013;0.066;FALSE;FALSE;FALSE
AL;1980;5.0558;37.337;0.089;FALSE;FALSE;FALSE
AR;1980;5.0853;37.418;0.051;FALSE;FALSE;FALSE
AZ;1980;5.1638;36.145;0.047;FALSE;FALSE;FALSE
CA;1980;5.3342;36.843;0.059;FALSE;FALSE;FALSE
CO;1980;5.1962;35.923;0.058;FALSE;FALSE;FALSE
CT;1980;5.1375;35.076;0.038;FALSE;FALSE;FALSE
DE;1980;5.0455;34.153;0.098;FALSE;FALSE;FALSE
FL;1980;5.0969;37.455;0.053;FALSE;FALSE;FALSE
GA;1980;5.1219;37.587;0.084;FALSE;FALSE;FALSE
HI;1980;5.2634;37.622;0.036;FALSE;FALSE;FALSE
IA;1980;4.9715;34.409;0.046;FALSE;FALSE;FALSE
ID;1980;5.0572;35.142;0.07;FALSE;FALSE;FALSE
IL;1980;5.2191;35.762;0.071;FALSE;FALSE;FALSE
IN;1980;5.1596;36.664;0.113;FALSE;FALSE;FALSE
KS;1980;5.1152;37.075;0.046;FALSE;FALSE;FALSE
KY;1980;5.0504;36.237;0.065;FALSE;FALSE;FALSE
LA;1980;5.0862;36.142;0.051;FALSE;FALSE;FALSE
MA;1980;5.0789;33.537;0.049;FALSE;FALSE;FALSE
MD;1980;5.259;36.142;0.055;FALSE;FALSE;FALSE
ME;1980;4.9846;35.123;0.084;FALSE;FALSE;FALSE
MI;1980;5.1937;35.216;0.11;FALSE;FALSE;FALSE
MN;1980;5.0538;33.49;0.044;FALSE;FALSE;FALSE
MO;1980;5.0923;35.893;0.059;FALSE;FALSE;FALSE
MS;1980;5.0566;37.216;0.084;FALSE;FALSE;FALSE
MT;1980;4.9903;34.477;0.067;FALSE;FALSE;FALSE
NC;1980;5.0839;37.638;0.067;FALSE;FALSE;FALSE
ND;1980;4.9867;34.091;0.041;FALSE;FALSE;FALSE
NE;1980;4.8989;33.732;0.046;FALSE;FALSE;FALSE
NH;1980;5.0143;35.075;0.052;FALSE;FALSE;FALSE
NJ;1980;5.1617;34.586;0.069;FALSE;FALSE;FALSE
NM;1980;5.1612;37.25;0.066;FALSE;FALSE;FALSE
NV;1980;5.2821;37.925;0.055;FALSE;FALSE;FALSE
NY;1980;5.1924;35.019;0.083;FALSE;FALSE;FALSE
OH;1980;5.1212;35.92;0.074;FALSE;FALSE;FALSE
OK;1980;5.1244;37.867;0.051;FALSE;FALSE;FALSE
OR;1980;5.1463;35.032;0.081;FALSE;FALSE;FALSE
PA;1980;5.0631;34.652;0.065;FALSE;FALSE;FALSE
RI;1980;5.0611;34.79;0.085;FALSE;FALSE;FALSE
SC;1980;5.0931;37.551;0.058;FALSE;FALSE;FALSE
SD;1980;4.9559;35.041;0.05;FALSE;FALSE;FALSE
TN;1980;5.1222;38.03;0.073;FALSE;FALSE;FALSE
TX;1980;5.171;37.688;0.054;FALSE;FALSE;FALSE
UT;1980;5.0752;34.099;0.048;FALSE;FALSE;FALSE
VA;1980;5.2095;37.811;0.053;FALSE;FALSE;FALSE
VT;1980;4.8984;34.329;0.071;FALSE;FALSE;FALSE
WA;1980;5.2395;35.602;0.067;FALSE;FALSE;FALSE
WI;1980;5.0785;33.798;0.068;FALSE;FALSE;FALSE
WV;1980;5.0364;35.882;0.053;FALSE;FALSE;FALSE
WY;1980;5.1148;35.486;0.029;FALSE;FALSE;FALSE
AK;1981;5.6089;37.033;0.08;FALSE;FALSE;FALSE
AL;1981;5.1019;36.495;0.074;FALSE;FALSE;FALSE
AR;1981;5.1029;37.044;0.091;FALSE;FALSE;FALSE
AZ;1981;5.241;36.966;0.062;FALSE;FALSE;FALSE
CA;1981;5.384;36.447;0.067;FALSE;FALSE;FALSE
CO;1981;5.2651;35.864;0.051;FALSE;FALSE;FALSE
CT;1981;5.1701;34.136;0.061;FALSE;FALSE;FALSE
DE;1981;5.1691;34.43;0.064;FALSE;FALSE;FALSE
FL;1981;5.156;37.192;0.054;FALSE;FALSE;FALSE
GA;1981;5.1956;37.428;0.063;FALSE;FALSE;FALSE
HI;1981;5.3631;37.243;0.048;FALSE;FALSE;FALSE
IA;1981;5.1363;34.729;0.077;FALSE;FALSE;FALSE
ID;1981;5.127;35.85;0.065;FALSE;FALSE;FALSE
IL;1981;5.3181;35.864;0.066;FALSE;FALSE;FALSE
IN;1981;5.173;36.353;0.113;FALSE;FALSE;FALSE
KS;1981;5.2295;36.678;0.035;FALSE;FALSE;FALSE
KY;1981;5.164;35.932;0.08;FALSE;FALSE;FALSE
LA;1981;5.1883;37.014;0.087;FALSE;FALSE;FALSE
MA;1981;5.2328;34.159;0.047;FALSE;FALSE;FALSE
MD;1981;5.2757;35;0.062;FALSE;FALSE;FALSE
ME;1981;5.1009;35.933;0.079;FALSE;FALSE;FALSE
MI;1981;5.2359;34.538;0.119;FALSE;FALSE;FALSE
MN;1981;5.2119;34.177;0.038;FALSE;FALSE;FALSE
MO;1981;5.1866;36.575;0.079;FALSE;FALSE;FALSE
MS;1981;5.1022;36.796;0.057;FALSE;FALSE;FALSE
MT;1981;5.0535;34.281;0.05;FALSE;FALSE;FALSE
NC;1981;5.2072;37.919;0.052;FALSE;FALSE;FALSE
ND;1981;5.0586;34.093;0.028;FALSE;FALSE;FALSE
NE;1981;5.0864;34.056;0.031;FALSE;FALSE;FALSE
NH;1981;5.1387;35.049;0.033;FALSE;FALSE;FALSE
NJ;1981;5.2602;35.152;0.064;FALSE;FALSE;FALSE
NM;1981;5.2636;36.896;0.057;FALSE;FALSE;FALSE
NV;1981;5.3807;38.399;0.064;FALSE;FALSE;FALSE
NY;1981;5.2761;34.756;0.064;FALSE;FALSE;FALSE
OH;1981;5.2104;35.632;0.085;FALSE;FALSE;FALSE
OK;1981;5.2096;37.239;0.02;FALSE;FALSE;FALSE
OR;1981;5.1635;34.39;0.1;FALSE;FALSE;FALSE
PA;1981;5.1532;34.752;0.07;FALSE;FALSE;FALSE
RI;1981;5.1174;35.422;0.056;FALSE;FALSE;FALSE
SC;1981;5.1389;37.653;0.057;FALSE;FALSE;FALSE
SD;1981;5.0636;35.033;0.042;FALSE;FALSE;FALSE
TN;1981;5.1828;37.701;0.071;FALSE;FALSE;FALSE
TX;1981;5.2644;37.957;0.051;FALSE;FALSE;FALSE
UT;1981;5.1608;35.738;0.051;FALSE;FALSE;FALSE
VA;1981;5.2588;36.716;0.065;FALSE;FALSE;FALSE
VT;1981;4.9913;33.02;0.056;FALSE;FALSE;FALSE
WA;1981;5.3334;35.432;0.095;FALSE;FALSE;FALSE
WI;1981;5.1414;34.346;0.067;FALSE;FALSE;FALSE
WV;1981;5.1694;37.056;0.069;FALSE;FALSE;FALSE
WY;1981;5.1602;35.279;0.021;FALSE;FALSE;FALSE
AK;1982;5.6682;37.054;0.058;FALSE;FALSE;FALSE
AL;1982;5.196;36.799;0.127;FALSE;FALSE;FALSE
AR;1982;5.1285;36.426;0.084;FALSE;FALSE;FALSE
AZ;1982;5.3892;38.049;0.066;FALSE;FALSE;FALSE
CA;1982;5.4877;36.766;0.09;FALSE;FALSE;FALSE
CO;1982;5.2788;35.569;0.046;FALSE;FALSE;FALSE
CT;1982;5.3143;33.809;0.058;FALSE;FALSE;FALSE
DE;1982;5.2772;34.983;0.067;FALSE;FALSE;FALSE
FL;1982;5.2619;37.608;0.065;FALSE;FALSE;FALSE
GA;1982;5.3109;37.652;0.071;FALSE;FALSE;FALSE
HI;1982;5.3922;37.53;0.046;FALSE;FALSE;FALSE
IA;1982;5.2289;35.126;0.053;FALSE;FALSE;FALSE
ID;1982;5.1039;34.618;0.074;FALSE;FALSE;FALSE
IL;1982;5.331;35.131;0.101;FALSE;FALSE;FALSE
IN;1982;5.2268;35.303;0.105;FALSE;FALSE;FALSE
KS;1982;5.3046;36.672;0.037;FALSE;FALSE;FALSE
KY;1982;5.2596;36.365;0.081;FALSE;FALSE;FALSE
LA;1982;5.2087;35.925;0.081;FALSE;FALSE;FALSE
MA;1982;5.2318;33.804;0.062;FALSE;FALSE;FALSE
MD;1982;5.4438;36.351;0.064;FALSE;FALSE;FALSE
ME;1982;5.0787;34.209;0.068;FALSE;FALSE;FALSE
MI;1982;5.3327;35.107;0.132;FALSE;FALSE;FALSE
MN;1982;5.2872;34.763;0.074;FALSE;FALSE;FALSE
MO;1982;5.2453;36.486;0.074;FALSE;FALSE;FALSE
MS;1982;5.1535;37.115;0.122;FALSE;FALSE;FALSE
MT;1982;5.1736;35.266;0.049;FALSE;FALSE;FALSE
NC;1982;5.2525;36.986;0.094;FALSE;FALSE;FALSE
ND;1982;5.1674;34.071;0.057;FALSE;FALSE;FALSE
NE;1982;5.1288;34.104;0.045;FALSE;FALSE;FALSE
NH;1982;5.2015;35.923;0.071;FALSE;FALSE;FALSE
NJ;1982;5.3517;35.234;0.098;FALSE;FALSE;FALSE
NM;1982;5.2725;36.392;0.107;FALSE;FALSE;FALSE
NV;1982;5.4576;38.241;0.078;FALSE;FALSE;FALSE
NY;1982;5.3519;35.191;0.08;FALSE;FALSE;FALSE
OH;1982;5.2814;35.802;0.128;FALSE;FALSE;FALSE
OK;1982;5.2832;37.785;0.042;FALSE;FALSE;FALSE
OR;1982;5.3059;35.156;0.105;FALSE;FALSE;FALSE
PA;1982;5.2462;35.209;0.076;FALSE;FALSE;FALSE
RI;1982;5.1648;34.147;0.074;FALSE;FALSE;FALSE
SC;1982;5.1557;36.384;0.119;FALSE;FALSE;FALSE
SD;1982;5.0283;34.171;0.062;FALSE;FALSE;FALSE
TN;1982;5.1353;35.624;0.073;FALSE;FALSE;FALSE
TX;1982;5.3398;37.848;0.056;FALSE;FALSE;FALSE
UT;1982;5.1651;33.454;0.054;FALSE;FALSE;FALSE
VA;1982;5.3463;36.665;0.077;FALSE;FALSE;FALSE
VT;1982;5.0773;33.603;0.056;FALSE;FALSE;FALSE
WA;1982;5.4051;35.068;0.09;FALSE;FALSE;FALSE
WI;1982;5.23;33.593;0.081;FALSE;FALSE;FALSE
WV;1982;5.1973;36.041;0.121;FALSE;FALSE;FALSE
WY;1982;5.2343;34.366;0.033;FALSE;FALSE;FALSE
AK;1983;5.7807;36.917;0.062;FALSE;FALSE;FALSE
AL;1983;5.2033;36.98;0.093;FALSE;FALSE;FALSE
AR;1983;5.1742;36.786;0.085;FALSE;FALSE;FALSE
AZ;1983;5.3073;36.493;0.092;FALSE;FALSE;FALSE
CA;1983;5.5213;36.613;0.079;FALSE;FALSE;FALSE
CO;1983;5.4081;36.288;0.071;FALSE;FALSE;FALSE
CT;1983;5.3889;34.071;0.041;FALSE;FALSE;FALSE
DE;1983;5.3755;35.973;0.083;FALSE;FALSE;FALSE
FL;1983;5.3123;37.032;0.075;FALSE;FALSE;FALSE
GA;1983;5.316;37.693;0.076;FALSE;FALSE;FALSE
HI;1983;5.4486;37.308;0.04;FALSE;FALSE;FALSE
IA;1983;5.1553;33.589;0.075;FALSE;FALSE;FALSE
ID;1983;5.2237;35.812;0.058;FALSE;FALSE;FALSE
IL;1983;5.4141;35.575;0.094;FALSE;FALSE;FALSE
IN;1983;5.2538;35.65;0.094;FALSE;FALSE;FALSE
KS;1983;5.3545;37.142;0.066;FALSE;FALSE;FALSE
KY;1983;5.2817;36.433;0.1;FALSE;FALSE;FALSE
LA;1983;5.33;37.482;0.106;FALSE;FALSE;FALSE
MA;1983;5.332;34.415;0.072;FALSE;FALSE;FALSE
MD;1983;5.524;36.444;0.058;FALSE;FALSE;FALSE
ME;1983;5.1548;35.514;0.073;FALSE;FALSE;FALSE
MI;1983;5.2884;34.112;0.104;FALSE;FALSE;FALSE
MN;1983;5.2743;33.544;0.052;FALSE;FALSE;FALSE
MO;1983;5.3225;36.949;0.073;FALSE;FALSE;FALSE
MS;1983;5.2457;37.381;0.169;FALSE;FALSE;FALSE
MT;1983;5.187;34.192;0.06;FALSE;FALSE;FALSE
NC;1983;5.2432;37.669;0.08;FALSE;FALSE;FALSE
ND;1983;5.1541;33.958;0.038;FALSE;FALSE;FALSE
NE;1983;5.1369;33.993;0.026;FALSE;FALSE;FALSE
NH;1983;5.243;34.739;0.069;FALSE;FALSE;FALSE
NJ;1983;5.4097;35.062;0.066;FALSE;FALSE;FALSE
NM;1983;5.3108;36.084;0.072;FALSE;FALSE;FALSE
NV;1983;5.5035;37.819;0.084;FALSE;FALSE;FALSE
NY;1983;5.399;34.956;0.077;FALSE;FALSE;FALSE
OH;1983;5.2998;35.576;0.107;FALSE;FALSE;FALSE
OK;1983;5.3815;37.29;0.081;FALSE;FALSE;FALSE
OR;1983;5.2745;35.375;0.092;FALSE;FALSE;FALSE
PA;1983;5.2767;34.855;0.106;FALSE;FALSE;FALSE
RI;1983;5.2769;34.753;0.078;FALSE;FALSE;FALSE
SC;1983;5.1829;36.835;0.104;FALSE;FALSE;FALSE
SD;1983;5.1538;34.61;0.042;FALSE;FALSE;FALSE
TN;1983;5.2995;37.747;0.095;FALSE;FALSE;FALSE
TX;1983;5.3932;37.577;0.065;FALSE;FALSE;FALSE
UT;1983;5.1856;34.27;0.094;FALSE;FALSE;FALSE
VA;1983;5.3775;36.814;0.06;FALSE;FALSE;FALSE
VT;1983;5.2444;36.045;0.087;FALSE;FALSE;FALSE
WA;1983;5.4035;35.121;0.09;FALSE;FALSE;FALSE
WI;1983;5.2579;33.85;0.075;FALSE;FALSE;FALSE
WV;1983;5.1623;35.754;0.159;FALSE;FALSE;FALSE
WY;1983;5.3102;34.921;0.058;FALSE;FALSE;FALSE
AK;1984;5.8217;37.333;0.096;FALSE;FALSE;FALSE
AL;1984;5.2945;37.124;0.107;FALSE;FALSE;FALSE
AR;1984;5.2124;36.669;0.104;FALSE;FALSE;FALSE
AZ;1984;5.458;37.564;0.042;FALSE;FALSE;FALSE
CA;1984;5.5913;36.714;0.07;FALSE;FALSE;FALSE
CO;1984;5.5274;37.321;0.055;FALSE;FALSE;FALSE
CT;1984;5.5438;36.202;0.057;FALSE;FALSE;FALSE
DE;1984;5.3498;35.717;0.048;FALSE;FALSE;FALSE
FL;1984;5.3925;37.373;0.065;FALSE;FALSE;FALSE
GA;1984;5.3395;37.022;0.058;FALSE;FALSE;FALSE
HI;1984;5.5262;36.962;0.042;FALSE;FALSE;FALSE
IA;1984;5.2508;35.369;0.039;FALSE;FALSE;FALSE
ID;1984;5.221;34.982;0.057;FALSE;FALSE;FALSE
IL;1984;5.4579;35.771;0.091;FALSE;FALSE;FALSE
IN;1984;5.3023;36.289;0.085;FALSE;FALSE;FALSE
KS;1984;5.3786;35.994;0.038;FALSE;FALSE;FALSE
KY;1984;5.3491;36.866;0.101;FALSE;FALSE;FALSE
LA;1984;5.2991;35.582;0.079;FALSE;FALSE;FALSE
MA;1984;5.4333;34.724;0.046;FALSE;FALSE;FALSE
MD;1984;5.5202;36.614;0.044;FALSE;FALSE;FALSE
ME;1984;5.1787;34.781;0.053;FALSE;FALSE;FALSE
MI;1984;5.3317;34.774;0.1;FALSE;FALSE;FALSE
MN;1984;5.3796;34.284;0.036;FALSE;FALSE;FALSE
MO;1984;5.3673;37.319;0.052;FALSE;FALSE;FALSE
MS;1984;5.216;37.59;0.091;FALSE;FALSE;FALSE
MT;1984;5.1773;33.491;0.064;FALSE;FALSE;FALSE
NC;1984;5.3695;38.375;0.053;FALSE;FALSE;FALSE
ND;1984;5.283;35.702;0.04;FALSE;FALSE;FALSE
NE;1984;5.2528;35.125;0.049;FALSE;FALSE;FALSE
NH;1984;5.3284;35.697;0.049;FALSE;FALSE;FALSE
NJ;1984;5.4924;35.304;0.057;FALSE;FALSE;FALSE
NM;1984;5.3972;35.949;0.082;FALSE;FALSE;FALSE
NV;1984;5.4594;37.081;0.072;FALSE;FALSE;FALSE
NY;1984;5.4887;35.585;0.058;FALSE;FALSE;FALSE
OH;1984;5.372;35.965;0.074;FALSE;FALSE;FALSE
OK;1984;5.4118;37.47;0.044;FALSE;FALSE;FALSE
OR;1984;5.3463;35.834;0.083;FALSE;FALSE;FALSE
PA;1984;5.3066;34.598;0.079;FALSE;FALSE;FALSE
RI;1984;5.3396;35.034;0.048;FALSE;FALSE;FALSE
SC;1984;5.2763;37.68;0.056;FALSE;FALSE;FALSE
SD;1984;5.1837;34.436;0.05;FALSE;FALSE;FALSE
TN;1984;5.3466;37.994;0.072;FALSE;FALSE;FALSE
TX;1984;5.4964;38.702;0.052;FALSE;FALSE;FALSE
UT;1984;5.2355;33.401;0.061;FALSE;FALSE;FALSE
VA;1984;5.4721;37.574;0.055;FALSE;FALSE;FALSE
VT;1984;5.2535;34.381;0.053;FALSE;FALSE;FALSE
WA;1984;5.4951;37.139;0.094;FALSE;FALSE;FALSE
WI;1984;5.2772;33.873;0.051;FALSE;FALSE;FALSE
WV;1984;5.2664;36.565;0.087;FALSE;FALSE;FALSE
WY;1984;5.369;36.066;0.028;FALSE;FALSE;FALSE
AK;1985;5.8642;36.99;0.069;FALSE;FALSE;FALSE
AL;1985;5.2775;36.47;0.079;FALSE;FALSE;FALSE
AR;1985;5.2768;37.246;0.071;FALSE;FALSE;FALSE
AZ;1985;5.4992;37.178;0.08;FALSE;FALSE;FALSE
CA;1985;5.64;37.102;0.062;FALSE;FALSE;FALSE
CO;1985;5.5181;36.666;0.03;FALSE;FALSE;FALSE
CT;1985;5.5948;35.716;0.036;FALSE;FALSE;FALSE
DE;1985;5.459;36.671;0.039;FALSE;FALSE;FALSE
FL;1985;5.4423;37.99;0.052;FALSE;FALSE;FALSE
GA;1985;5.4356;38.743;0.089;FALSE;FALSE;FALSE
HI;1985;5.5303;37.864;0.041;FALSE;FALSE;FALSE
IA;1985;5.3484;35.637;0.083;FALSE;FALSE;FALSE
ID;1985;5.3091;35.212;0.085;FALSE;FALSE;FALSE
IL;1985;5.4638;35.467;0.073;FALSE;FALSE;FALSE
IN;1985;5.342;36.485;0.071;FALSE;FALSE;FALSE
KS;1985;5.4651;36.364;0.047;FALSE;FALSE;FALSE
KY;1985;5.2561;35.71;0.098;FALSE;FALSE;FALSE
LA;1985;5.4269;37.516;0.099;FALSE;FALSE;FALSE
MA;1985;5.4865;35.352;0.026;FALSE;FALSE;FALSE
MD;1985;5.6245;37.384;0.046;FALSE;FALSE;FALSE
ME;1985;5.2344;34.607;0.05;FALSE;FALSE;FALSE
MI;1985;5.4461;35.672;0.099;FALSE;FALSE;FALSE
MN;1985;5.3939;34.12;0.049;FALSE;FALSE;FALSE
MO;1985;5.3586;36.538;0.055;FALSE;FALSE;FALSE
MS;1985;5.3032;37.359;0.11;FALSE;FALSE;FALSE
MT;1985;5.3453;35.301;0.069;FALSE;FALSE;FALSE
NC;1985;5.375;38.074;0.06;FALSE;FALSE;FALSE
ND;1985;5.2573;33.736;0.033;FALSE;FALSE;FALSE
NE;1985;5.2633;35.197;0.046;FALSE;FALSE;FALSE
NH;1985;5.4279;36.694;0.034;FALSE;FALSE;FALSE
NJ;1985;5.5919;36.508;0.06;FALSE;FALSE;FALSE
NM;1985;5.3875;36.779;0.055;FALSE;FALSE;FALSE
NV;1985;5.5228;37.481;0.046;FALSE;FALSE;FALSE
NY;1985;5.5433;35.943;0.061;FALSE;FALSE;FALSE
OH;1985;5.385;35.429;0.087;FALSE;FALSE;FALSE
OK;1985;5.4038;36.612;0.061;FALSE;FALSE;FALSE
OR;1985;5.4426;35.5;0.075;FALSE;FALSE;FALSE
PA;1985;5.3764;34.766;0.071;FALSE;FALSE;FALSE
RI;1985;5.3283;34.867;0.038;FALSE;FALSE;FALSE
SC;1985;5.3477;37.226;0.067;FALSE;FALSE;FALSE
SD;1985;5.2205;35.581;0.061;FALSE;FALSE;FALSE
TN;1985;5.34;37.67;0.065;FALSE;FALSE;FALSE
TX;1985;5.5;38.025;0.063;FALSE;FALSE;FALSE
UT;1985;5.2881;33.831;0.036;FALSE;FALSE;FALSE
VA;1985;5.5561;37.831;0.064;FALSE;FALSE;FALSE
VT;1985;5.3361;34.582;0.035;FALSE;FALSE;FALSE
WA;1985;5.5042;35.095;0.06;FALSE;FALSE;FALSE
WI;1985;5.3905;36.167;0.072;FALSE;FALSE;FALSE
WV;1985;5.3031;35.078;0.109;FALSE;FALSE;FALSE
WY;1985;5.3257;36.051;0.058;FALSE;FALSE;FALSE
AK;1986;5.9393;36.969;0.087;FALSE;FALSE;FALSE
AL;1986;5.2952;36.418;0.078;FALSE;FALSE;FALSE
AR;1986;5.3204;37.694;0.105;FALSE;FALSE;FALSE
AZ;1986;5.5117;37.872;0.059;FALSE;FALSE;FALSE
CA;1986;5.6906;37.416;0.057;FALSE;FALSE;FALSE
CO;1986;5.5779;37.54;0.066;FALSE;FALSE;FALSE
CT;1986;5.6198;36.018;0.042;FALSE;FALSE;FALSE
DE;1986;5.5729;37.426;0.051;FALSE;FALSE;FALSE
FL;1986;5.4897;38.086;0.039;FALSE;FALSE;FALSE
GA;1986;5.4642;37.11;0.073;FALSE;FALSE;FALSE
HI;1986;5.5851;37.338;0.052;FALSE;FALSE;FALSE
IA;1986;5.3188;35.591;0.076;FALSE;FALSE;FALSE
ID;1986;5.263;35.441;0.081;FALSE;FALSE;FALSE
IL;1986;5.5394;36.75;0.074;FALSE;FALSE;FALSE
IN;1986;5.3391;36.09;0.08;FALSE;FALSE;FALSE
KS;1986;5.4623;36.405;0.064;FALSE;FALSE;FALSE
KY;1986;5.2605;36.188;0.071;FALSE;FALSE;FALSE
LA;1986;5.413;36.735;0.125;FALSE;FALSE;FALSE
MA;1986;5.5665;35.324;0.033;FALSE;FALSE;FALSE
MD;1986;5.6173;36.853;0.04;FALSE;FALSE;FALSE
ME;1986;5.2669;34.385;0.047;FALSE;FALSE;FALSE
MI;1986;5.5127;35.828;0.075;FALSE;FALSE;FALSE
MN;1986;5.5038;35.532;0.042;FALSE;FALSE;FALSE
MO;1986;5.4249;36.925;0.061;FALSE;FALSE;FALSE
MS;1986;5.3124;37.261;0.09;FALSE;FALSE;FALSE
MT;1986;5.2869;34.455;0.055;FALSE;FALSE;FALSE
NC;1986;5.4134;37.833;0.049;FALSE;FALSE;FALSE
ND;1986;5.2719;33.316;0.049;FALSE;FALSE;FALSE
NE;1986;5.303;35.66;0.049;FALSE;FALSE;FALSE
NH;1986;5.4495;35.89;0.017;FALSE;FALSE;FALSE
NJ;1986;5.6172;35.766;0.055;FALSE;FALSE;FALSE
NM;1986;5.3908;36.992;0.084;FALSE;FALSE;FALSE
NV;1986;5.5651;37.974;0.045;FALSE;FALSE;FALSE
NY;1986;5.5803;35.97;0.043;FALSE;FALSE;FALSE
OH;1986;5.479;36.414;0.057;FALSE;FALSE;FALSE
OK;1986;5.438;36.826;0.061;FALSE;FALSE;FALSE
OR;1986;5.4905;36.184;0.099;FALSE;FALSE;FALSE
PA;1986;5.4044;35.092;0.052;FALSE;FALSE;FALSE
RI;1986;5.5431;35.795;0.024;FALSE;FALSE;FALSE
SC;1986;5.3657;37.602;0.063;FALSE;FALSE;FALSE
SD;1986;5.2789;35.227;0.043;FALSE;FALSE;FALSE
TN;1986;5.4267;38.114;0.079;FALSE;FALSE;FALSE
TX;1986;5.5903;38.509;0.079;FALSE;FALSE;FALSE
UT;1986;5.3836;35.096;0.07;FALSE;FALSE;FALSE
VA;1986;5.5595;37.397;0.046;FALSE;FALSE;FALSE
VT;1986;5.4291;35.601;0.05;FALSE;FALSE;FALSE
WA;1986;5.6415;37.189;0.06;FALSE;FALSE;FALSE
WI;1986;5.3309;34.235;0.071;FALSE;FALSE;FALSE
WV;1986;5.2948;36.143;0.094;FALSE;FALSE;FALSE
WY;1986;5.3131;33.471;0.088;FALSE;FALSE;FALSE
AK;1987;5.9183;37.495;0.075;FALSE;FALSE;FALSE
AL;1987;5.3524;37.24;0.079;FALSE;FALSE;FALSE
AR;1987;5.4098;38.647;0.1;FALSE;FALSE;FALSE
AZ;1987;5.5385;37.441;0.043;FALSE;FALSE;FALSE
CA;1987;5.701;36.909;0.041;FALSE;FALSE;FALSE
CO;1987;5.5437;36.483;0.054;FALSE;FALSE;FALSE
CT;1987;5.6621;36.471;0.025;FALSE;FALSE;FALSE
DE;1987;5.5564;36.887;0.045;FALSE;FALSE;FALSE
FL;1987;5.5105;37.994;0.046;FALSE;FALSE;FALSE
GA;1987;5.5252;38.48;0.03;FALSE;FALSE;FALSE
HI;1987;5.5493;36.525;0.036;FALSE;FALSE;FALSE
IA;1987;5.3381;35.174;0.047;FALSE;FALSE;FALSE
ID;1987;5.2799;35.603;0.072;FALSE;FALSE;FALSE
IL;1987;5.5555;36.619;0.052;FALSE;FALSE;FALSE
IN;1987;5.4374;36.668;0.049;FALSE;FALSE;FALSE
KS;1987;5.4688;35.754;0.04;FALSE;FALSE;FALSE
KY;1987;5.3887;36.52;0.101;FALSE;FALSE;FALSE
LA;1987;5.4398;36.564;0.103;FALSE;FALSE;FALSE
MA;1987;5.6285;35.055;0.025;FALSE;FALSE;FALSE
MD;1987;5.6772;37.649;0.023;FALSE;FALSE;FALSE
ME;1987;5.4054;35.86;0.076;FALSE;FALSE;FALSE
MI;1987;5.5173;35.781;0.068;FALSE;FALSE;FALSE
MN;1987;5.5113;35.555;0.033;FALSE;FALSE;FALSE
MO;1987;5.4366;36.471;0.041;FALSE;FALSE;FALSE
MS;1987;5.3531;37.763;0.082;FALSE;FALSE;FALSE
MT;1987;5.3672;35.625;0.075;FALSE;FALSE;FALSE
NC;1987;5.5037;38.58;0.051;FALSE;FALSE;FALSE
ND;1987;5.2885;33.387;0.046;FALSE;FALSE;FALSE
NE;1987;5.3731;36.244;0.043;FALSE;FALSE;FALSE
NH;1987;5.5785;36.447;0.028;FALSE;FALSE;FALSE
NJ;1987;5.6989;36.381;0.046;FALSE;FALSE;FALSE
NM;1987;5.4708;36.95;0.093;FALSE;FALSE;FALSE
NV;1987;5.6449;38.344;0.034;FALSE;FALSE;FALSE
NY;1987;5.6798;36.226;0.035;FALSE;FALSE;FALSE
OH;1987;5.496;36.566;0.062;FALSE;FALSE;FALSE
OK;1987;5.5416;37.397;0.088;FALSE;FALSE;FALSE
OR;1987;5.4372;35.792;0.042;FALSE;FALSE;FALSE
PA;1987;5.4593;35.724;0.048;FALSE;FALSE;FALSE
RI;1987;5.5203;35.599;0.031;FALSE;FALSE;FALSE
SC;1987;5.4382;37.401;0.041;FALSE;FALSE;FALSE
SD;1987;5.2552;35.526;0.031;FALSE;FALSE;FALSE
TN;1987;5.457;38.722;0.058;FALSE;FALSE;FALSE
TX;1987;5.5573;38.038;0.07;FALSE;FALSE;FALSE
UT;1987;5.4378;34.916;0.03;FALSE;FALSE;FALSE
VA;1987;5.6049;37.542;0.032;FALSE;FALSE;FALSE
VT;1987;5.3881;34.948;0.036;FALSE;FALSE;FALSE
WA;1987;5.5342;35.124;0.083;FALSE;FALSE;FALSE
WI;1987;5.3938;34.707;0.04;FALSE;FALSE;FALSE
WV;1987;5.3896;36.321;0.084;FALSE;FALSE;FALSE
WY;1987;5.3608;35.447;0.07;FALSE;FALSE;FALSE
AK;1988;5.8938;37.639;0.067;FALSE;FALSE;FALSE
AL;1988;5.4218;37.731;0.103;FALSE;FALSE;FALSE
AR;1988;5.3882;37.637;0.081;FALSE;FALSE;FALSE
AZ;1988;5.6048;37.707;0.043;FALSE;FALSE;FALSE
CA;1988;5.7417;37.13;0.042;FALSE;FALSE;FALSE
CO;1988;5.618;37.006;0.056;FALSE;FALSE;FALSE
CT;1988;5.6738;35.851;0.022;FALSE;FALSE;FALSE
DE;1988;5.6865;37.048;0.017;FALSE;FALSE;FALSE
FL;1988;5.5953;38.618;0.05;FALSE;FALSE;FALSE
GA;1988;5.5591;37.632;0.065;FALSE;FALSE;FALSE
HI;1988;5.6773;37.719;0.037;FALSE;FALSE;FALSE
IA;1988;5.4155;36.218;0.026;FALSE;FALSE;FALSE
ID;1988;5.3288;35.003;0.051;FALSE;FALSE;FALSE
IL;1988;5.67;37.25;0.063;FALSE;FALSE;FALSE
IN;1988;5.4808;37.169;0.044;FALSE;FALSE;FALSE
KS;1988;5.5608;37.647;0.028;FALSE;FALSE;FALSE
KY;1988;5.4209;36.247;0.083;FALSE;FALSE;FALSE
LA;1988;5.3947;36.375;0.082;FALSE;FALSE;FALSE
MA;1988;5.742;35.497;0.022;FALSE;FALSE;FALSE
MD;1988;5.7943;37.796;0.055;FALSE;FALSE;FALSE
ME;1988;5.471;36.051;0.032;FALSE;FALSE;FALSE
MI;1988;5.5241;35.534;0.066;FALSE;FALSE;FALSE
MN;1988;5.5212;34.458;0.049;FALSE;FALSE;FALSE
MO;1988;5.4702;37.352;0.064;FALSE;FALSE;FALSE
MS;1988;5.4321;38.49;0.073;FALSE;FALSE;FALSE
MT;1988;5.3052;34.204;0.066;FALSE;FALSE;FALSE
NC;1988;5.5724;38.442;0.034;FALSE;FALSE;FALSE
ND;1988;5.3793;34.648;0.046;FALSE;FALSE;FALSE
NE;1988;5.4486;36.826;0.023;FALSE;FALSE;FALSE
NH;1988;5.5644;35.728;0.013;FALSE;FALSE;FALSE
NJ;1988;5.7932;36.719;0.037;FALSE;FALSE;FALSE
NM;1988;5.4866;37.581;0.059;FALSE;FALSE;FALSE
NV;1988;5.6976;38.523;0.033;FALSE;FALSE;FALSE
NY;1988;5.7153;36.445;0.039;FALSE;FALSE;FALSE
OH;1988;5.5324;36.447;0.055;FALSE;FALSE;FALSE
OK;1988;5.477;37.179;0.065;FALSE;FALSE;FALSE
OR;1988;5.6133;37.119;0.058;FALSE;FALSE;FALSE
PA;1988;5.5163;35.483;0.044;FALSE;FALSE;FALSE
RI;1988;5.5868;35.348;0.017;FALSE;FALSE;FALSE
SC;1988;5.4852;38.176;0.032;FALSE;FALSE;FALSE
SD;1988;5.3748;36.427;0.034;FALSE;FALSE;FALSE
TN;1988;5.479;38.719;0.032;FALSE;FALSE;FALSE
TX;1988;5.6089;38.147;0.066;FALSE;FALSE;FALSE
UT;1988;5.4675;35.25;0.046;FALSE;FALSE;FALSE
VA;1988;5.593;36.98;0.048;FALSE;FALSE;FALSE
VT;1988;5.6032;37.389;0.019;FALSE;FALSE;FALSE
WA;1988;5.6179;35.789;0.064;FALSE;FALSE;FALSE
WI;1988;5.4436;35.328;0.021;FALSE;FALSE;FALSE
WV;1988;5.4128;36.632;0.083;FALSE;FALSE;FALSE
WY;1988;5.3945;35.322;0.038;FALSE;FALSE;FALSE
AK;1989;5.9497;37.638;0.04;FALSE;FALSE;FALSE
AL;1989;5.5317;37.854;0.074;FALSE;FALSE;FALSE
AR;1989;5.4629;37.6;0.056;FALSE;FALSE;FALSE
AZ;1989;5.666;37.639;0.043;FALSE;FALSE;FALSE
CA;1989;5.8339;37.341;0.044;FALSE;FALSE;FALSE
CO;1989;5.6547;38.02;0.059;FALSE;FALSE;FALSE
CT;1989;5.8441;35.19;0.013;FALSE;FALSE;FALSE
DE;1989;5.7253;37.517;0.028;FALSE;FALSE;FALSE
FL;1989;5.6638;38.558;0.056;FALSE;FALSE;FALSE
GA;1989;5.7264;38.299;0.044;FALSE;FALSE;FALSE
HI;1989;5.8446;38.46;0.036;FALSE;FALSE;FALSE
IA;1989;5.4191;34.957;0.033;FALSE;FALSE;FALSE
ID;1989;5.3763;34.939;0.052;FALSE;FALSE;FALSE
IL;1989;5.6943;36.751;0.052;FALSE;FALSE;FALSE
IN;1989;5.4715;36.501;0.054;FALSE;FALSE;FALSE
KS;1989;5.643;37.901;0.031;FALSE;FALSE;FALSE
KY;1989;5.5413;37.416;0.05;FALSE;FALSE;FALSE
LA;1989;5.547;38.017;0.062;FALSE;FALSE;FALSE
MA;1989;5.8052;35.437;0.036;FALSE;FALSE;FALSE
MD;1989;5.8347;37.271;0.024;FALSE;FALSE;FALSE
ME;1989;5.589;35.821;0.022;FALSE;FALSE;FALSE
MI;1989;5.6382;35.984;0.064;FALSE;FALSE;FALSE
MN;1989;5.6239;35.263;0.022;FALSE;FALSE;FALSE
MO;1989;5.615;37.637;0.066;FALSE;FALSE;FALSE
MS;1989;5.4643;38.422;0.05;FALSE;FALSE;FALSE
MT;1989;5.4662;35.402;0.052;FALSE;FALSE;FALSE
NC;1989;5.6425;38.726;0.034;FALSE;FALSE;FALSE
ND;1989;5.4934;35.934;0.039;FALSE;FALSE;FALSE
NE;1989;5.4284;35.46;0.035;FALSE;FALSE;FALSE
NH;1989;5.7073;35.705;0.034;FALSE;FALSE;FALSE
NJ;1989;5.8549;36.296;0.027;FALSE;FALSE;FALSE
NM;1989;5.3791;34.878;0.047;FALSE;FALSE;FALSE
NV;1989;5.7385;38.119;0.027;FALSE;FALSE;FALSE
NY;1989;5.7869;36.556;0.036;FALSE;FALSE;FALSE
OH;1989;5.6252;36.82;0.045;FALSE;FALSE;FALSE
OK;1989;5.5571;37.485;0.044;FALSE;FALSE;FALSE
OR;1989;5.6882;37.707;0.043;FALSE;FALSE;FALSE
PA;1989;5.6011;36.021;0.035;FALSE;FALSE;FALSE
RI;1989;5.6846;35.408;0.031;FALSE;FALSE;FALSE
SC;1989;5.5573;38.274;0.054;FALSE;FALSE;FALSE
SD;1989;5.3729;36.243;0.05;FALSE;FALSE;FALSE
TN;1989;5.5487;38.07;0.043;FALSE;FALSE;FALSE
TX;1989;5.6488;38.538;0.056;FALSE;FALSE;FALSE
UT;1989;5.5325;35.584;0.038;FALSE;FALSE;FALSE
VA;1989;5.6765;37.755;0.046;FALSE;FALSE;FALSE
VT;1989;5.5743;34.932;0.039;FALSE;FALSE;FALSE
WA;1989;5.6517;36.557;0.04;FALSE;FALSE;FALSE
WI;1989;5.4988;34.981;0.041;FALSE;FALSE;FALSE
WV;1989;5.4017;36.083;0.079;FALSE;FALSE;FALSE
WY;1989;5.4833;35.386;0.031;FALSE;FALSE;FALSE
AK;1990;6.0111;37.216;0.068;FALSE;FALSE;FALSE
AL;1990;5.5644;37.505;0.065;FALSE;FALSE;FALSE
AR;1990;5.508;37.694;0.058;FALSE;FALSE;FALSE
AZ;1990;5.7933;38.907;0.047;FALSE;FALSE;FALSE
CA;1990;5.8748;37.194;0.044;FALSE;FALSE;FALSE
CO;1990;5.7961;37.133;0.053;FALSE;FALSE;FALSE
CT;1990;5.9149;35.642;0.037;FALSE;FALSE;FALSE
DE;1990;5.798;37.409;0.029;FALSE;FALSE;FALSE
FL;1990;5.7173;38.668;0.061;FALSE;FALSE;FALSE
GA;1990;5.7656;39.07;0.067;FALSE;FALSE;FALSE
HI;1990;5.8389;38.34;0.031;FALSE;FALSE;FALSE
IA;1990;5.5597;36.189;0.036;FALSE;FALSE;FALSE
ID;1990;5.51;35.95;0.069;FALSE;FALSE;FALSE
IL;1990;5.7441;36.949;0.062;FALSE;FALSE;FALSE
IN;1990;5.6054;37.53;0.05;FALSE;FALSE;FALSE
KS;1990;5.6292;37.352;0.058;FALSE;FALSE;FALSE
KY;1990;5.6209;36.892;0.055;FALSE;FALSE;FALSE
LA;1990;5.5875;37.958;0.054;FALSE;FALSE;FALSE
MA;1990;5.853;35.585;0.048;FALSE;FALSE;FALSE
MD;1990;5.9205;38.347;0.041;FALSE;FALSE;FALSE
ME;1990;5.6323;36.403;0.025;FALSE;FALSE;FALSE
MI;1990;5.6596;35.665;0.06;FALSE;FALSE;FALSE
MN;1990;5.7305;36.01;0.038;FALSE;FALSE;FALSE
MO;1990;5.6307;38.038;0.042;FALSE;FALSE;FALSE
MS;1990;5.5235;38.447;0.064;FALSE;FALSE;FALSE
MT;1990;5.4106;34.47;0.058;FALSE;FALSE;FALSE
NC;1990;5.657;38.577;0.04;FALSE;FALSE;FALSE
ND;1990;5.5229;35.832;0.026;FALSE;FALSE;FALSE
NE;1990;5.4844;35.829;0.019;FALSE;FALSE;FALSE
NH;1990;5.7459;35.342;0.056;FALSE;FALSE;FALSE
NJ;1990;5.8908;36.974;0.045;FALSE;FALSE;FALSE
NM;1990;5.5925;36.676;0.056;FALSE;FALSE;FALSE
NV;1990;5.7747;38.497;0.044;FALSE;FALSE;FALSE
NY;1990;5.8549;36.672;0.042;FALSE;FALSE;FALSE
OH;1990;5.6596;36.407;0.04;FALSE;FALSE;FALSE
OK;1990;5.6046;37.347;0.048;FALSE;FALSE;FALSE
OR;1990;5.6387;35.652;0.056;FALSE;FALSE;FALSE
PA;1990;5.6895;35.951;0.043;FALSE;FALSE;FALSE
RI;1990;5.7337;35.785;0.053;FALSE;FALSE;FALSE
SC;1990;5.6265;37.814;0.036;FALSE;FALSE;FALSE
SD;1990;5.4491;36.68;0.028;FALSE;FALSE;FALSE
TN;1990;5.6065;38.184;0.056;FALSE;FALSE;FALSE
TX;1990;5.6761;38.409;0.056;FALSE;FALSE;FALSE
UT;1990;5.6259;35.986;0.032;FALSE;FALSE;FALSE
VA;1990;5.7398;38.244;0.041;FALSE;FALSE;FALSE
VT;1990;5.6486;35.033;0.041;FALSE;FALSE;FALSE
WA;1990;5.7923;37.031;0.047;FALSE;FALSE;FALSE
WI;1990;5.6062;35.487;0.039;FALSE;FALSE;FALSE
WV;1990;5.4424;36.338;0.063;FALSE;FALSE;FALSE
WY;1990;5.5132;35.815;0.025;FALSE;FALSE;FALSE
AK;1991;6.0306;37.743;0.057;FALSE;FALSE;FALSE
AL;1991;5.6564;38.443;0.073;FALSE;FALSE;FALSE
AR;1991;5.5963;38.048;0.074;FALSE;FALSE;FALSE
AZ;1991;5.8504;38.534;0.045;FALSE;FALSE;FALSE
CA;1991;5.9438;37.53;0.065;FALSE;FALSE;FALSE
CO;1991;5.7973;37.951;0.042;FALSE;FALSE;FALSE
CT;1991;6.0064;36.758;0.061;FALSE;FALSE;FALSE
DE;1991;5.8662;37.309;0.032;FALSE;FALSE;FALSE
FL;1991;5.7595;38.421;0.068;FALSE;FALSE;FALSE
GA;1991;5.7783;38.192;0.057;FALSE;FALSE;FALSE
HI;1991;5.9599;39.159;0.038;FALSE;FALSE;FALSE
IA;1991;5.5819;36.959;0.047;FALSE;FALSE;FALSE
ID;1991;5.554;35.398;0.048;FALSE;FALSE;FALSE
IL;1991;5.8389;37.119;0.057;FALSE;FALSE;FALSE
IN;1991;5.6111;36.526;0.039;FALSE;FALSE;FALSE
KS;1991;5.7235;37.542;0.036;FALSE;FALSE;FALSE
KY;1991;5.5607;35.945;0.086;FALSE;FALSE;FALSE
LA;1991;5.7041;37.774;0.072;FALSE;FALSE;FALSE
MA;1991;5.8733;35.5;0.075;FALSE;FALSE;FALSE
MD;1991;5.9784;38.542;0.054;FALSE;FALSE;FALSE
ME;1991;5.6807;35.192;0.064;FALSE;FALSE;FALSE
MI;1991;5.7437;36.169;0.076;FALSE;FALSE;FALSE
MN;1991;5.7536;35.733;0.032;FALSE;FALSE;FALSE
MO;1991;5.6376;37.478;0.056;FALSE;FALSE;FALSE
MS;1991;5.5767;37.99;0.075;FALSE;FALSE;FALSE
MT;1991;5.5601;35.675;0.047;FALSE;FALSE;FALSE
NC;1991;5.7221;38.435;0.048;FALSE;FALSE;FALSE
ND;1991;5.5362;35.418;0.042;FALSE;FALSE;FALSE
NE;1991;5.5907;36.926;0.019;FALSE;FALSE;FALSE
NH;1991;5.8047;35.762;0.03;FALSE;FALSE;FALSE
NJ;1991;5.9423;36.919;0.055;FALSE;FALSE;FALSE
NM;1991;5.6303;36.736;0.063;FALSE;FALSE;FALSE
NV;1991;5.8265;38.327;0.037;FALSE;FALSE;FALSE
NY;1991;5.8868;36.165;0.058;FALSE;FALSE;FALSE
OH;1991;5.7234;36.825;0.049;FALSE;FALSE;FALSE
OK;1991;5.6826;37.911;0.055;FALSE;FALSE;FALSE
OR;1991;5.8266;36.742;0.051;FALSE;FALSE;FALSE
PA;1991;5.7449;36.119;0.056;FALSE;FALSE;FALSE
RI;1991;5.7605;35.326;0.059;FALSE;FALSE;FALSE
SC;1991;5.6861;38.066;0.05;FALSE;FALSE;FALSE
SD;1991;5.5949;37.325;0.026;FALSE;FALSE;FALSE
TN;1991;5.6171;38.113;0.061;FALSE;FALSE;FALSE
TX;1991;5.7342;38.237;0.045;FALSE;FALSE;FALSE
UT;1991;5.6766;36.758;0.042;FALSE;FALSE;FALSE
VA;1991;5.7919;37.564;0.056;FALSE;FALSE;FALSE
VT;1991;5.7031;35.537;0.062;FALSE;FALSE;FALSE
WA;1991;5.839;36.791;0.037;FALSE;FALSE;FALSE
WI;1991;5.6347;36.106;0.036;FALSE;FALSE;FALSE
WV;1991;5.5885;37.9;0.082;FALSE;FALSE;FALSE
WY;1991;5.583;36.443;0.051;FALSE;FALSE;FALSE
AK;1992;5.9966;36.41;0.079;FALSE;FALSE;FALSE
AL;1992;5.6698;37.94;0.073;FALSE;FALSE;FALSE
AR;1992;5.6405;37.894;0.075;FALSE;FALSE;FALSE
AZ;1992;5.8149;37.573;0.059;FALSE;FALSE;FALSE
CA;1992;5.9861;37.798;0.073;FALSE;FALSE;FALSE
CO;1992;5.8703;37.984;0.044;FALSE;FALSE;FALSE
CT;1992;5.9792;36.177;0.037;FALSE;FALSE;FALSE
DE;1992;5.9334;38.511;0.044;FALSE;FALSE;FALSE
FL;1992;5.777;37.897;0.068;FALSE;FALSE;FALSE
GA;1992;5.7382;37.895;0.068;FALSE;FALSE;FALSE
HI;1992;5.9542;37.763;0.037;FALSE;FALSE;FALSE
IA;1992;5.6419;36.414;0.042;FALSE;FALSE;FALSE
ID;1992;5.5979;35.776;0.062;FALSE;FALSE;FALSE
IL;1992;5.8474;36.833;0.065;FALSE;FALSE;FALSE
IN;1992;5.695;37.858;0.06;FALSE;FALSE;FALSE
KS;1992;5.7811;37.542;0.041;FALSE;FALSE;FALSE
KY;1992;5.6853;36.674;0.044;FALSE;FALSE;FALSE
LA;1992;5.6138;36.464;0.052;FALSE;FALSE;FALSE
MA;1992;5.9374;35.672;0.067;FALSE;FALSE;FALSE
MD;1992;6.0217;38.203;0.049;FALSE;FALSE;FALSE
ME;1992;5.6534;35.474;0.047;FALSE;FALSE;FALSE
MI;1992;5.7966;36.851;0.077;FALSE;FALSE;FALSE
MN;1992;5.7951;36.546;0.03;FALSE;FALSE;FALSE
MO;1992;5.6614;37.172;0.042;FALSE;FALSE;FALSE
MS;1992;5.5943;37.931;0.073;FALSE;FALSE;FALSE
MT;1992;5.4866;34.182;0.068;FALSE;FALSE;FALSE
NC;1992;5.7694;38.267;0.05;FALSE;FALSE;FALSE
ND;1992;5.5063;35.461;0.036;FALSE;FALSE;FALSE
NE;1992;5.6985;37.437;0.024;FALSE;FALSE;FALSE
NH;1992;5.8083;36.35;0.071;FALSE;FALSE;FALSE
NJ;1992;5.9712;36.289;0.075;FALSE;FALSE;FALSE
NM;1992;5.6297;36.475;0.068;FALSE;FALSE;FALSE
NV;1992;5.8567;38.077;0.063;FALSE;FALSE;FALSE
NY;1992;5.945;36.645;0.066;FALSE;FALSE;FALSE
OH;1992;5.7537;36.87;0.067;FALSE;FALSE;FALSE
OK;1992;5.711;37.823;0.046;FALSE;FALSE;FALSE
OR;1992;5.783;36.336;0.063;FALSE;FALSE;FALSE
PA;1992;5.7406;35.874;0.058;FALSE;FALSE;FALSE
RI;1992;5.8063;35.332;0.085;FALSE;FALSE;FALSE
SC;1992;5.7058;37.362;0.065;FALSE;FALSE;FALSE
SD;1992;5.614;37.072;0.038;FALSE;FALSE;FALSE
TN;1992;5.7205;38.497;0.072;FALSE;FALSE;FALSE
TX;1992;5.7937;38.917;0.068;FALSE;FALSE;FALSE
UT;1992;5.6299;34.846;0.03;FALSE;FALSE;FALSE
VA;1992;5.8356;37.694;0.066;FALSE;FALSE;FALSE
VT;1992;5.7713;36.035;0.052;FALSE;FALSE;FALSE
WA;1992;5.8621;36.336;0.049;FALSE;FALSE;FALSE
WI;1992;5.7122;36.77;0.035;FALSE;FALSE;FALSE
WV;1992;5.4893;35.253;0.088;FALSE;FALSE;FALSE
WY;1992;5.5795;36.223;0.04;FALSE;FALSE;FALSE
AK;1993;6.0586;36.817;0.048;FALSE;FALSE;FALSE
AL;1993;5.6492;37.568;0.06;FALSE;FALSE;FALSE
AR;1993;5.6691;37.832;0.036;FALSE;FALSE;FALSE
AZ;1993;5.8531;38.254;0.052;FALSE;FALSE;FALSE
CA;1993;5.9858;37.47;0.086;FALSE;FALSE;FALSE
CO;1993;5.8891;37.729;0.035;FALSE;FALSE;FALSE
CT;1993;5.9541;35.941;0.054;FALSE;FALSE;FALSE
DE;1993;5.9008;37.028;0.066;FALSE;FALSE;FALSE
FL;1993;5.8472;38.458;0.057;FALSE;FALSE;FALSE
GA;1993;5.817;37.572;0.056;FALSE;FALSE;FALSE
HI;1993;6.0427;39.1;0.026;FALSE;FALSE;FALSE
IA;1993;5.7175;37.1;0.041;FALSE;FALSE;FALSE
ID;1993;5.6834;35.503;0.043;FALSE;FALSE;FALSE
IL;1993;5.8724;37.357;0.056;FALSE;FALSE;FALSE
IN;1993;5.7788;38.234;0.049;FALSE;FALSE;FALSE
KS;1993;5.7867;38.242;0.053;FALSE;FALSE;FALSE
KY;1993;5.7238;37.173;0.056;FALSE;FALSE;FALSE
LA;1993;5.7496;37.223;0.064;FALSE;FALSE;FALSE
MA;1993;5.9506;35.771;0.052;FALSE;FALSE;FALSE
MD;1993;5.9629;38.012;0.03;FALSE;FALSE;FALSE
ME;1993;5.6952;35.621;0.037;FALSE;FALSE;FALSE
MI;1993;5.8139;36.463;0.068;FALSE;FALSE;FALSE
MN;1993;5.841;35.887;0.036;FALSE;FALSE;FALSE
MO;1993;5.7937;38.353;0.085;FALSE;FALSE;FALSE
MS;1993;5.6023;38.573;0.07;FALSE;FALSE;FALSE
MT;1993;5.6056;35.441;0.053;FALSE;FALSE;FALSE
NC;1993;5.7954;38.475;0.051;FALSE;FALSE;FALSE
ND;1993;5.5661;34.691;0.031;FALSE;FALSE;FALSE
NE;1993;5.6302;35.893;0.038;FALSE;FALSE;FALSE
NH;1993;5.7861;34.732;0.048;FALSE;FALSE;FALSE
NJ;1993;6.026;36.567;0.053;FALSE;FALSE;FALSE
NM;1993;5.752;37.426;0.076;FALSE;FALSE;FALSE
NV;1993;5.8398;38.362;0.075;FALSE;FALSE;FALSE
NY;1993;5.966;36.746;0.065;FALSE;FALSE;FALSE
OH;1993;5.7828;36.563;0.059;FALSE;FALSE;FALSE
OK;1993;5.731;37.691;0.06;FALSE;FALSE;FALSE
OR;1993;5.7706;35.974;0.062;FALSE;FALSE;FALSE
PA;1993;5.813;36.497;0.048;FALSE;FALSE;FALSE
RI;1993;5.7958;35.093;0.082;FALSE;FALSE;FALSE
SC;1993;5.7294;38.334;0.055;FALSE;FALSE;FALSE
SD;1993;5.5893;36.26;0.035;FALSE;FALSE;FALSE
TN;1993;5.7592;38.02;0.049;FALSE;FALSE;FALSE
TX;1993;5.8039;38.908;0.074;FALSE;FALSE;FALSE
UT;1993;5.6842;34.741;0.036;FALSE;FALSE;FALSE
VA;1993;5.8895;37.866;0.047;FALSE;FALSE;FALSE
VT;1993;5.7282;34.538;0.044;FALSE;FALSE;FALSE
WA;1993;6.0266;36.858;0.077;FALSE;FALSE;FALSE
WI;1993;5.7653;36.095;0.037;FALSE;FALSE;FALSE
WV;1993;5.6441;37.031;0.06;FALSE;FALSE;FALSE
WY;1993;5.5688;34.608;0.055;FALSE;FALSE;FALSE
AK;1994;6.0293;34.923;0.037;FALSE;FALSE;FALSE
AL;1994;5.6731;35.682;0.056;FALSE;FALSE;FALSE
AR;1994;5.7162;38.145;0.05;FALSE;FALSE;FALSE
AZ;1994;5.8382;35.906;0.075;FALSE;FALSE;FALSE
CA;1994;5.9985;36.401;0.074;FALSE;FALSE;FALSE
CO;1994;5.9433;36.028;0.038;FALSE;FALSE;FALSE
CT;1994;6.0178;35.181;0.039;FALSE;FALSE;FALSE
DE;1994;5.8976;35.847;0.033;FALSE;FALSE;FALSE
FL;1994;5.8028;36.29;0.057;FALSE;FALSE;FALSE
GA;1994;5.8877;36.864;0.051;FALSE;FALSE;FALSE
HI;1994;5.9296;35.663;0.049;FALSE;FALSE;FALSE
IA;1994;5.7332;35.476;0.031;FALSE;FALSE;FALSE
ID;1994;5.6515;34.515;0.05;FALSE;FALSE;FALSE
IL;1994;5.9178;35.385;0.05;FALSE;FALSE;FALSE
IN;1994;5.6888;35.368;0.049;FALSE;FALSE;FALSE
KS;1994;5.7825;36.204;0.031;FALSE;FALSE;FALSE
KY;1994;5.6832;33.294;0.037;FALSE;FALSE;FALSE
LA;1994;5.6721;35.282;0.067;FALSE;FALSE;FALSE
MA;1994;5.9573;34.114;0.05;FALSE;FALSE;FALSE
MD;1994;6.0354;37.454;0.057;FALSE;FALSE;FALSE
ME;1994;5.6948;34.021;0.051;FALSE;FALSE;FALSE
MI;1994;5.8579;34.681;0.048;FALSE;FALSE;FALSE
MN;1994;5.8939;35.539;0.017;FALSE;FALSE;FALSE
MO;1994;5.8511;36.597;0.036;FALSE;FALSE;FALSE
MS;1994;5.6579;36.172;0.047;FALSE;FALSE;FALSE
MT;1994;5.6025;33.225;0.047;FALSE;FALSE;FALSE
NC;1994;5.8813;36.607;0.034;FALSE;FALSE;FALSE
ND;1994;5.5157;32.339;0.022;FALSE;FALSE;FALSE
NE;1994;5.709;36.084;0.035;FALSE;FALSE;FALSE
NH;1994;5.8851;35.185;0.034;FALSE;FALSE;FALSE
NJ;1994;6.0701;34.642;0.064;FALSE;FALSE;FALSE
NM;1994;5.8019;36.149;0.058;FALSE;FALSE;FALSE
NV;1994;5.9632;37.652;0.055;FALSE;FALSE;FALSE
NY;1994;5.9468;34.829;0.064;FALSE;FALSE;FALSE
OH;1994;5.7945;35.416;0.055;FALSE;FALSE;FALSE
OK;1994;5.714;35.66;0.051;FALSE;FALSE;FALSE
OR;1994;5.8565;34.247;0.051;FALSE;FALSE;FALSE
PA;1994;5.8177;34.469;0.046;FALSE;FALSE;FALSE
RI;1994;5.9273;33.455;0.068;FALSE;FALSE;FALSE
SC;1994;5.7933;36.798;0.043;FALSE;FALSE;FALSE
SD;1994;5.6504;34.571;0.044;FALSE;FALSE;FALSE
TN;1994;5.7896;36.763;0.042;FALSE;FALSE;FALSE
TX;1994;5.7808;37.205;0.061;FALSE;FALSE;FALSE
UT;1994;5.736;34.804;0.023;FALSE;FALSE;FALSE
VA;1994;5.9107;36.1;0.045;FALSE;FALSE;FALSE
VT;1994;5.8339;34.704;0.039;FALSE;FALSE;FALSE
WA;1994;5.7955;32.047;0.061;FALSE;FALSE;FALSE
WI;1994;5.775;36.583;0.042;FALSE;FALSE;FALSE
WV;1994;5.5645;33.72;0.058;FALSE;FALSE;FALSE
WY;1994;5.5584;34.466;0.021;FALSE;FALSE;FALSE
AK;1995;6.1231;34.857;0.047;FALSE;FALSE;FALSE
AL;1995;5.7659;34.394;0.048;FALSE;FALSE;FALSE
AR;1995;5.7116;36.554;0.045;FALSE;FALSE;FALSE
AZ;1995;5.8299;35.851;0.048;FALSE;FALSE;FALSE
CA;1995;5.9793;35.799;0.066;FALSE;FALSE;FALSE
CO;1995;5.955;36.619;0.038;FALSE;FALSE;FALSE
CT;1995;6.1157;34.957;0.03;FALSE;FALSE;FALSE
DE;1995;5.9459;34.896;0.039;FALSE;FALSE;FALSE
FL;1995;5.8782;35.226;0.042;FALSE;FALSE;FALSE
GA;1995;5.8714;36.6;0.044;FALSE;FALSE;FALSE
HI;1995;5.8899;34.672;0.032;FALSE;FALSE;FALSE
IA;1995;5.7826;35.188;0.038;FALSE;FALSE;FALSE
ID;1995;5.6802;34.424;0.038;FALSE;FALSE;FALSE
IL;1995;5.9384;35.538;0.039;FALSE;FALSE;FALSE
IN;1995;5.7873;34.967;0.047;FALSE;FALSE;FALSE
KS;1995;5.7713;35.882;0.045;FALSE;FALSE;FALSE
KY;1995;5.8474;35.152;0.036;FALSE;FALSE;FALSE
LA;1995;5.7684;35.285;0.048;FALSE;FALSE;FALSE
MA;1995;6.0324;34.828;0.041;FALSE;FALSE;FALSE
MD;1995;6.0535;37.841;0.031;FALSE;FALSE;FALSE
ME;1995;5.7583;34.698;0.041;FALSE;FALSE;FALSE
MI;1995;5.8984;35.213;0.041;FALSE;FALSE;FALSE
MN;1995;5.9394;35.854;0.032;FALSE;FALSE;FALSE
MO;1995;5.9007;37.749;0.058;FALSE;FALSE;FALSE
MS;1995;5.6478;35.241;0.05;FALSE;FALSE;FALSE
MT;1995;5.6361;33.774;0.044;FALSE;FALSE;FALSE
NC;1995;5.8642;36.696;0.046;FALSE;FALSE;FALSE
ND;1995;5.6762;32.887;0.034;FALSE;FALSE;FALSE
NE;1995;5.7876;35.891;0.016;FALSE;FALSE;FALSE
NH;1995;5.9422;35.9;0.023;FALSE;FALSE;FALSE
NJ;1995;6.0553;35.462;0.05;FALSE;FALSE;FALSE
NM;1995;5.6889;34.79;0.059;FALSE;FALSE;FALSE
NV;1995;5.914;35.939;0.052;FALSE;FALSE;FALSE
NY;1995;5.9971;35.156;0.056;FALSE;FALSE;FALSE
OH;1995;5.7824;34.295;0.038;FALSE;FALSE;FALSE
OK;1995;5.6973;35.087;0.032;FALSE;FALSE;FALSE
OR;1995;5.8723;35.56;0.025;FALSE;FALSE;FALSE
PA;1995;5.8464;33.724;0.048;FALSE;FALSE;FALSE
RI;1995;5.9557;32.986;0.067;FALSE;FALSE;FALSE
SC;1995;5.7664;35.042;0.069;FALSE;FALSE;FALSE
SD;1995;5.7549;36.368;0.02;FALSE;FALSE;FALSE
TN;1995;5.6912;34.025;0.028;FALSE;FALSE;FALSE
TX;1995;5.8363;37.848;0.049;FALSE;FALSE;FALSE
UT;1995;5.7476;34.73;0.042;FALSE;FALSE;FALSE
VA;1995;5.9871;36.888;0.039;FALSE;FALSE;FALSE
VT;1995;5.8533;34.457;0.032;FALSE;FALSE;FALSE
WA;1995;5.8261;32.767;0.031;FALSE;FALSE;FALSE
WI;1995;5.8075;34.669;0.024;FALSE;FALSE;FALSE
WV;1995;5.6664;34.635;0.084;FALSE;FALSE;FALSE
WY;1995;5.699;35.521;0.04;FALSE;FALSE;FALSE
AK;1996;6.1413;34.592;0.05;FALSE;FALSE;FALSE
AL;1996;5.7169;33.562;0.04;FALSE;FALSE;FALSE
AR;1996;5.7459;34.607;0.039;FALSE;FALSE;FALSE
AZ;1996;5.8489;35.025;0.041;FALSE;FALSE;FALSE
CA;1996;6.0325;35.731;0.06;FALSE;FALSE;FALSE
CO;1996;5.9668;35.86;0.036;FALSE;FALSE;FALSE
CT;1996;6.1238;35.389;0.032;FALSE;FALSE;FALSE
DE;1996;5.9487;35.385;0.035;FALSE;FALSE;FALSE
FL;1996;5.9062;35.498;0.053;FALSE;FALSE;FALSE
GA;1996;5.8978;35.181;0.048;FALSE;FALSE;FALSE
HI;1996;5.9633;35;0.026;FALSE;FALSE;FALSE
IA;1996;5.7897;35.332;0.034;FALSE;FALSE;FALSE
ID;1996;5.7384;33.963;0.046;FALSE;FALSE;FALSE
IL;1996;5.9399;35.474;0.043;FALSE;FALSE;FALSE
IN;1996;5.8386;34.573;0.025;FALSE;FALSE;FALSE
KS;1996;5.8398;35.843;0.026;FALSE;FALSE;FALSE
KY;1996;5.7983;33.009;0.029;FALSE;FALSE;FALSE
LA;1996;5.661;34.681;0.065;FALSE;FALSE;FALSE
MA;1996;6.0179;33.502;0.023;FALSE;FALSE;FALSE
MD;1996;6.0962;36.878;0.025;FALSE;FALSE;FALSE
ME;1996;5.7727;34.291;0.03;FALSE;FALSE;FALSE
MI;1996;5.8973;34.887;0.039;FALSE;FALSE;FALSE
MN;1996;5.983;35.435;0.037;FALSE;FALSE;FALSE
MO;1996;5.8936;36.559;0.035;FALSE;FALSE;FALSE
MS;1996;5.7335;35.841;0.061;FALSE;FALSE;FALSE
MT;1996;5.6488;34.023;0.056;FALSE;FALSE;FALSE
NC;1996;5.9399;37.172;0.034;FALSE;FALSE;FALSE
ND;1996;5.7024;33.653;0.031;FALSE;FALSE;FALSE
NE;1996;5.7888;36.322;0.023;FALSE;FALSE;FALSE
NH;1996;5.9632;36.58;0.03;FALSE;FALSE;FALSE
NJ;1996;6.0538;34.928;0.048;FALSE;FALSE;FALSE
NM;1996;5.7774;35.974;0.055;FALSE;FALSE;FALSE
NV;1996;5.9525;35.443;0.034;FALSE;FALSE;FALSE
NY;1996;5.9924;34.816;0.052;FALSE;FALSE;FALSE
OH;1996;5.8587;34.969;0.043;FALSE;FALSE;FALSE
OK;1996;5.7599;34.167;0.029;FALSE;FALSE;FALSE
OR;1996;5.8056;34.235;0.048;FALSE;FALSE;FALSE
PA;1996;5.9195;34.215;0.035;FALSE;FALSE;FALSE
RI;1996;5.8798;32.234;0.048;FALSE;FALSE;FALSE
SC;1996;5.8626;37.308;0.046;FALSE;FALSE;FALSE
SD;1996;5.7344;35.136;0.029;FALSE;FALSE;FALSE
TN;1996;5.8792;35.342;0.046;FALSE;FALSE;FALSE
TX;1996;5.8663;36.824;0.043;FALSE;FALSE;FALSE
UT;1996;5.8106;34.369;0.045;FALSE;FALSE;FALSE
VA;1996;5.9309;35.833;0.053;FALSE;FALSE;FALSE
VT;1996;5.8763;35.097;0.056;FALSE;FALSE;FALSE
WA;1996;5.9192;34.01;0.068;FALSE;FALSE;FALSE
WI;1996;5.8687;34.443;0.018;FALSE;FALSE;FALSE
WV;1996;5.7276;33.627;0.061;FALSE;FALSE;FALSE
WY;1996;5.5957;34.305;0.052;FALSE;FALSE;FALSE
AK;1997;6.1468;35.222;0.059;FALSE;FALSE;FALSE
AL;1997;5.8576;34.09;0.026;FALSE;FALSE;FALSE
AR;1997;5.7296;35.232;0.046;FALSE;FALSE;FALSE
AZ;1997;5.896;34.963;0.06;FALSE;FALSE;FALSE
CA;1997;6.0119;35.62;0.066;FALSE;FALSE;FALSE
CO;1997;6.0009;35.675;0.029;FALSE;FALSE;FALSE
CT;1997;6.0993;35.033;0.047;FALSE;FALSE;FALSE
DE;1997;6.0446;36.266;0.02;FALSE;FALSE;FALSE
FL;1997;5.9856;36.277;0.036;FALSE;FALSE;FALSE
GA;1997;5.9736;35.809;0.041;FALSE;FALSE;FALSE
HI;1997;5.9745;35.366;0.05;FALSE;FALSE;FALSE
IA;1997;5.8472;34.216;0.018;FALSE;FALSE;FALSE
ID;1997;5.7846;34.011;0.052;FALSE;FALSE;FALSE
IL;1997;6.0493;36.265;0.04;FALSE;FALSE;FALSE
IN;1997;5.9291;34.89;0.023;FALSE;FALSE;FALSE
KS;1997;5.8839;36.194;0.039;FALSE;FALSE;FALSE
KY;1997;5.8867;34.731;0.061;FALSE;FALSE;FALSE
LA;1997;5.8327;34.322;0.038;FALSE;FALSE;FALSE
MA;1997;6.1153;34.427;0.036;FALSE;FALSE;FALSE
MD;1997;6.0767;36.8;0.048;FALSE;FALSE;FALSE
ME;1997;5.7931;34.125;0.061;FALSE;FALSE;FALSE
MI;1997;5.949;35.079;0.03;FALSE;FALSE;FALSE
MN;1997;5.9703;35.256;0.022;FALSE;FALSE;FALSE
MO;1997;5.9635;35.509;0.035;FALSE;FALSE;FALSE
MS;1997;5.8469;34.915;0.059;FALSE;FALSE;FALSE
MT;1997;5.71;32.432;0.038;FALSE;FALSE;FALSE
NC;1997;5.9307;35.935;0.036;FALSE;FALSE;FALSE
ND;1997;5.7725;33.649;0.016;FALSE;FALSE;FALSE
NE;1997;5.9063;36.632;0.018;FALSE;FALSE;FALSE
NH;1997;5.9541;35.5;0.034;FALSE;FALSE;FALSE
NJ;1997;6.1056;35.241;0.048;FALSE;FALSE;FALSE
NM;1997;5.8485;36.543;0.041;FALSE;FALSE;FALSE
NV;1997;5.9429;36.487;0.041;FALSE;FALSE;FALSE
NY;1997;6.0199;34.617;0.054;FALSE;FALSE;FALSE
OH;1997;5.9137;34.715;0.035;FALSE;FALSE;FALSE
OK;1997;5.7791;34.869;0.048;FALSE;FALSE;FALSE
OR;1997;5.8881;35.098;0.029;FALSE;FALSE;FALSE
PA;1997;5.9244;33.944;0.029;FALSE;FALSE;FALSE
RI;1997;5.9636;33.46;0.039;FALSE;FALSE;FALSE
SC;1997;5.9491;38.155;0.055;FALSE;FALSE;FALSE
SD;1997;5.783;36.252;0.016;FALSE;FALSE;FALSE
TN;1997;5.8998;36.395;0.046;FALSE;FALSE;FALSE
TX;1997;5.9316;36.879;0.042;FALSE;FALSE;FALSE
UT;1997;5.8381;34.95;0.026;FALSE;FALSE;FALSE
VA;1997;6.0518;37.605;0.038;FALSE;FALSE;FALSE
VT;1997;5.8399;33.098;0.013;FALSE;FALSE;FALSE
WA;1997;5.9925;34.761;0.029;FALSE;FALSE;FALSE
WI;1997;5.9563;35.979;0.029;FALSE;FALSE;FALSE
WV;1997;5.7758;33.753;0.04;FALSE;FALSE;FALSE
WY;1997;5.7817;36.051;0.027;FALSE;FALSE;FALSE
AK;1998;6.056;33.56;0.057;FALSE;FALSE;FALSE
AL;1998;5.8915;35.282;0.051;FALSE;FALSE;FALSE
AR;1998;5.848;36.079;0.047;FALSE;FALSE;FALSE
AZ;1998;5.9336;36.331;0.03;FALSE;FALSE;FALSE
CA;1998;6.0579;35.129;0.05;FALSE;FALSE;FALSE
CO;1998;6.0961;36.561;0.037;FALSE;FALSE;FALSE
CT;1998;6.1585;34.727;0.01;FALSE;FALSE;FALSE
DE;1998;6.0758;34.833;0.044;FALSE;FALSE;FALSE
FL;1998;5.9989;35.64;0.039;FALSE;FALSE;FALSE
GA;1998;5.9725;36.276;0.041;FALSE;FALSE;FALSE
HI;1998;6.0413;37.743;0.071;FALSE;FALSE;FALSE
IA;1998;5.8562;35.599;0.022;FALSE;FALSE;FALSE
ID;1998;5.81;33.061;0.026;FALSE;FALSE;FALSE
IL;1998;6.0933;36.307;0.052;FALSE;FALSE;FALSE
IN;1998;6.0526;36.173;0.029;FALSE;FALSE;FALSE
KS;1998;5.9081;35.78;0.042;FALSE;FALSE;FALSE
KY;1998;5.8857;35.003;0.026;FALSE;FALSE;FALSE
LA;1998;5.8677;34.153;0.056;FALSE;FALSE;FALSE
MA;1998;6.1068;34.245;0.017;FALSE;FALSE;FALSE
MD;1998;6.1913;37.86;0.037;FALSE;FALSE;FALSE
ME;1998;5.9084;34.814;0.029;FALSE;FALSE;FALSE
MI;1998;6.0185;34.471;0.029;FALSE;FALSE;FALSE
MN;1998;6.0649;33.576;0.02;FALSE;FALSE;FALSE
MO;1998;6.075;38.444;0.045;FALSE;FALSE;FALSE
MS;1998;5.8655;36.384;0.033;FALSE;FALSE;FALSE
MT;1998;5.7786;33.4;0.023;FALSE;FALSE;FALSE
NC;1998;5.9947;36.856;0.03;FALSE;FALSE;FALSE
ND;1998;5.8062;34.386;0.03;FALSE;FALSE;FALSE
NE;1998;5.8801;36.133;0.017;FALSE;FALSE;FALSE
NH;1998;6.0104;34.997;0.027;FALSE;FALSE;FALSE
NJ;1998;6.0835;34.637;0.033;FALSE;FALSE;FALSE
NM;1998;5.8622;36.035;0.056;FALSE;FALSE;FALSE
NV;1998;6.0404;37.166;0.053;FALSE;FALSE;FALSE
NY;1998;6.0729;34.759;0.047;FALSE;FALSE;FALSE
OH;1998;5.9954;35.676;0.036;FALSE;FALSE;FALSE
OK;1998;5.8916;35.368;0.036;FALSE;FALSE;FALSE
OR;1998;5.9082;33.426;0.037;FALSE;FALSE;FALSE
PA;1998;5.9928;34.486;0.04;FALSE;FALSE;FALSE
RI;1998;5.9847;32.66;0.025;FALSE;FALSE;FALSE
SC;1998;5.8718;36.347;0.022;FALSE;FALSE;FALSE
SD;1998;5.8588;34.707;0.022;FALSE;FALSE;FALSE
TN;1998;5.973;36.474;0.032;FALSE;FALSE;FALSE
TX;1998;5.9864;36.976;0.042;FALSE;FALSE;FALSE
UT;1998;5.8589;33.553;0.036;FALSE;FALSE;FALSE
VA;1998;6.0612;36.454;0.032;FALSE;FALSE;FALSE
VT;1998;5.8192;33.9;0.009;FALSE;FALSE;FALSE
WA;1998;5.9874;32.951;0.026;FALSE;FALSE;FALSE
WI;1998;6.0175;35.484;0.028;FALSE;FALSE;FALSE
WV;1998;5.8699;35.411;0.043;FALSE;FALSE;FALSE
WY;1998;5.6894;35.449;0.031;FALSE;FALSE;FALSE
AK;1999;6.143;35.545;0.06;FALSE;FALSE;FALSE
AL;1999;5.9311;33.877;0.038;FALSE;FALSE;FALSE
AR;1999;5.8527;37.161;0.036;FALSE;FALSE;FALSE
AZ;1999;6.057;36.185;0.035;FALSE;FALSE;FALSE
CA;1999;6.1271;35.574;0.053;FALSE;FALSE;FALSE
CO;1999;6.1686;36.872;0.01;FALSE;FALSE;FALSE
CT;1999;6.1842;35.957;0.024;FALSE;FALSE;FALSE
DE;1999;6.0968;36.356;0.01;FALSE;FALSE;FALSE
FL;1999;5.9949;35.354;0.03;FALSE;FALSE;FALSE
GA;1999;6.0587;37.227;0.021;FALSE;FALSE;FALSE
HI;1999;6.0493;36.045;0.03;FALSE;FALSE;FALSE
IA;1999;5.9882;34.147;0.013;FALSE;FALSE;FALSE
ID;1999;5.8898;33.187;0.032;FALSE;FALSE;FALSE
IL;1999;6.0792;36.49;0.026;FALSE;FALSE;FALSE
IN;1999;5.9712;35.229;0.016;FALSE;FALSE;FALSE
KS;1999;5.9975;36.003;0.017;FALSE;FALSE;FALSE
KY;1999;5.9779;31.921;0.033;FALSE;FALSE;FALSE
LA;1999;5.9757;34.082;0.048;FALSE;FALSE;FALSE
MA;1999;6.1832;33.687;0.024;FALSE;FALSE;FALSE
MD;1999;6.2693;37.286;0.028;FALSE;FALSE;FALSE
ME;1999;5.9116;31.924;0.029;FALSE;FALSE;FALSE
MI;1999;6.0702;35.31;0.031;FALSE;FALSE;FALSE
MN;1999;6.1242;34.81;0.026;FALSE;FALSE;FALSE
MO;1999;6.131;37.392;0.021;FALSE;FALSE;FALSE
MS;1999;5.9266;35.739;0.03;FALSE;FALSE;FALSE
MT;1999;5.7673;32.9;0.055;FALSE;FALSE;FALSE
NC;1999;6.0389;36.858;0.025;FALSE;FALSE;FALSE
ND;1999;5.859;35.418;0.03;FALSE;FALSE;FALSE
NE;1999;5.8932;35.803;0.022;FALSE;FALSE;FALSE
NH;1999;6.0725;34.395;0.021;FALSE;FALSE;FALSE
NJ;1999;6.2157;35.605;0.048;FALSE;FALSE;FALSE
NM;1999;5.8716;35.766;0.041;FALSE;FALSE;FALSE
NV;1999;6.0764;37.321;0.041;FALSE;FALSE;FALSE
NY;1999;6.0932;35.119;0.042;FALSE;FALSE;FALSE
OH;1999;6.0241;34.747;0.018;FALSE;FALSE;FALSE
OK;1999;5.8808;34.554;0.033;FALSE;FALSE;FALSE
OR;1999;6.0031;35.165;0.058;FALSE;FALSE;FALSE
PA;1999;6.0123;34.382;0.029;FALSE;FALSE;FALSE
RI;1999;5.992;32.372;0.039;FALSE;FALSE;FALSE
SC;1999;6.0484;38.375;0.041;FALSE;FALSE;FALSE
SD;1999;5.9082;35.056;0.019;FALSE;FALSE;FALSE
TN;1999;5.9324;35.258;0.037;FALSE;FALSE;FALSE
TX;1999;6.0143;37.269;0.037;FALSE;FALSE;FALSE
UT;1999;5.8657;33.196;0.034;FALSE;FALSE;FALSE
VA;1999;6.0409;35.906;0.021;FALSE;FALSE;FALSE
VT;1999;5.9501;35.263;0.031;FALSE;FALSE;FALSE
WA;1999;6.1276;35.695;0.03;FALSE;FALSE;FALSE
WI;1999;5.9794;35.868;0.024;FALSE;FALSE;FALSE
WV;1999;5.8459;34.5;0.056;FALSE;FALSE;FALSE
WY;1999;5.7505;33.201;0.046;FALSE;FALSE;FALSE
AK;2000;6.1718;34.306;0.056;FALSE;FALSE;FALSE
AL;2000;5.9702;35.552;0.028;FALSE;FALSE;FALSE
AR;2000;5.9414;37.753;0.023;FALSE;FALSE;FALSE
AZ;2000;6.111;36.07;0.027;FALSE;FALSE;FALSE
CA;2000;6.1614;36.082;0.043;FALSE;FALSE;FALSE
CO;2000;6.1299;35.159;0.025;FALSE;FALSE;FALSE
CT;2000;6.225;35.359;0.017;FALSE;FALSE;FALSE
DE;2000;6.1785;35.431;0.036;FALSE;FALSE;FALSE
FL;2000;6.0954;35.952;0.029;FALSE;FALSE;FALSE
GA;2000;6.0699;35.655;0.042;FALSE;FALSE;FALSE
HI;2000;6.0696;36.403;0.029;FALSE;FALSE;FALSE
IA;2000;6.1044;36.761;0.017;FALSE;FALSE;FALSE
ID;2000;5.9043;32.048;0.05;FALSE;FALSE;FALSE
IL;2000;6.1853;36.645;0.035;FALSE;FALSE;FALSE
IN;2000;6.0313;35.837;0.019;FALSE;FALSE;FALSE
KS;2000;6.0696;36.225;0.034;FALSE;FALSE;FALSE
KY;2000;5.9924;33.525;0.047;FALSE;FALSE;FALSE
LA;2000;6.0025;35.422;0.04;FALSE;FALSE;FALSE
MA;2000;6.1909;34.147;0.017;FALSE;FALSE;FALSE
MD;2000;6.2129;37.374;0.024;FALSE;FALSE;FALSE
ME;2000;5.9807;33.385;0.042;FALSE;FALSE;FALSE
MI;2000;6.161;35.607;0.032;FALSE;FALSE;FALSE
MN;2000;6.1827;35.432;0.02;FALSE;FALSE;FALSE
MO;2000;6.0963;36.009;0.037;FALSE;FALSE;FALSE
MS;2000;5.9366;36.929;0.049;FALSE;FALSE;FALSE
MT;2000;5.7556;33.606;0.042;FALSE;FALSE;FALSE
NC;2000;6.1074;37.164;0.031;FALSE;FALSE;FALSE
ND;2000;5.9049;36.014;0.025;FALSE;FALSE;FALSE
NE;2000;6.0235;36.554;0.027;FALSE;FALSE;FALSE
NH;2000;6.016;33.966;0.015;FALSE;FALSE;FALSE
NJ;2000;6.231;35.497;0.033;FALSE;FALSE;FALSE
NM;2000;5.9417;37.349;0.037;FALSE;FALSE;FALSE
NV;2000;6.0907;36.053;0.042;FALSE;FALSE;FALSE
NY;2000;6.1455;35.525;0.043;FALSE;FALSE;FALSE
OH;2000;6.0701;34.708;0.039;FALSE;FALSE;FALSE
OK;2000;5.9103;35.609;0.024;FALSE;FALSE;FALSE
OR;2000;6.0678;34.546;0.045;FALSE;FALSE;FALSE
PA;2000;6.0854;34.312;0.029;FALSE;FALSE;FALSE
RI;2000;6.0842;33.156;0.036;FALSE;FALSE;FALSE
SC;2000;6.0761;38.485;0.027;FALSE;FALSE;FALSE
SD;2000;5.9694;34.487;0.03;FALSE;FALSE;FALSE
TN;2000;6.091;34.953;0.043;FALSE;FALSE;FALSE
TX;2000;6.041;37.898;0.034;FALSE;FALSE;FALSE
UT;2000;5.9306;33.694;0.037;FALSE;FALSE;FALSE
VA;2000;6.2563;37.94;0.008;FALSE;FALSE;FALSE
VT;2000;6.0018;35.711;0.041;FALSE;FALSE;FALSE
WA;2000;6.0898;34.881;0.042;FALSE;FALSE;FALSE
WI;2000;6.1203;35.586;0.029;FALSE;FALSE;FALSE
WV;2000;5.9073;34.003;0.055;FALSE;FALSE;FALSE
WY;2000;5.804;34.508;0.036;FALSE;FALSE;FALSE
AK;2001;6.2635;34.228;0.05;FALSE;FALSE;FALSE
AL;2001;6.046;35.83;0.036;FALSE;FALSE;FALSE
AR;2001;5.9466;37.08;0.046;FALSE;FALSE;FALSE
AZ;2001;6.154;35.895;0.024;FALSE;FALSE;FALSE
CA;2001;6.2016;35.758;0.05;FALSE;FALSE;FALSE
CO;2001;6.2463;35.832;0.029;FALSE;FALSE;FALSE
CT;2001;6.2772;35.935;0.022;FALSE;FALSE;FALSE
DE;2001;6.229;34.181;0.038;FALSE;FALSE;FALSE
FL;2001;6.1144;35.313;0.046;FALSE;FALSE;FALSE
GA;2001;6.1622;36.932;0.027;FALSE;FALSE;FALSE
HI;2001;6.0985;36.45;0.041;FALSE;FALSE;FALSE
IA;2001;6.0429;36.331;0.033;FALSE;FALSE;FALSE
ID;2001;5.9349;34.151;0.038;FALSE;FALSE;FALSE
IL;2001;6.2011;36.429;0.047;FALSE;FALSE;FALSE
IN;2001;6.0717;35.543;0.031;FALSE;FALSE;FALSE
KS;2001;6.0872;35.37;0.024;FALSE;FALSE;FALSE
KY;2001;6.068;34.359;0.03;FALSE;FALSE;FALSE
LA;2001;5.9671;33.688;0.047;FALSE;FALSE;FALSE
MA;2001;6.1836;32.285;0.032;FALSE;FALSE;FALSE
MD;2001;6.3152;37.344;0.027;FALSE;FALSE;FALSE
ME;2001;6.0574;31.9;0.017;FALSE;FALSE;FALSE
MI;2001;6.1673;35.226;0.038;FALSE;FALSE;FALSE
MN;2001;6.2456;36.114;0.03;FALSE;FALSE;FALSE
MO;2001;6.1015;37.053;0.044;FALSE;FALSE;FALSE
MS;2001;5.967;35.594;0.047;FALSE;FALSE;FALSE
MT;2001;5.8779;32.847;0.063;FALSE;FALSE;FALSE
NC;2001;6.0888;36.577;0.039;FALSE;FALSE;FALSE
ND;2001;5.9526;36.04;0.023;FALSE;FALSE;FALSE
NE;2001;6.0235;35.281;0.018;FALSE;FALSE;FALSE
NH;2001;6.1132;34.969;0.03;FALSE;FALSE;FALSE
NJ;2001;6.2925;35.417;0.031;FALSE;FALSE;FALSE
NM;2001;5.9636;35.7;0.033;FALSE;FALSE;FALSE
NV;2001;6.1439;37.096;0.055;FALSE;FALSE;FALSE
NY;2001;6.1938;35.113;0.045;FALSE;FALSE;FALSE
OH;2001;6.0982;34.497;0.034;FALSE;FALSE;FALSE
OK;2001;6.0641;35.646;0.022;FALSE;FALSE;FALSE
OR;2001;6.0726;34.052;0.061;FALSE;FALSE;FALSE
PA;2001;6.1102;34.732;0.036;FALSE;FALSE;FALSE
RI;2001;6.1689;33.831;0.025;FALSE;FALSE;FALSE
SC;2001;6.0423;35.459;0.042;FALSE;FALSE;FALSE
SD;2001;5.992;34.888;0.025;FALSE;FALSE;FALSE
TN;2001;6.0891;36.491;0.032;FALSE;FALSE;FALSE
TX;2001;6.0791;37.131;0.05;FALSE;FALSE;FALSE
UT;2001;5.9259;33.647;0.041;FALSE;FALSE;FALSE
VA;2001;6.2762;37.166;0.04;FALSE;FALSE;FALSE
VT;2001;6.0466;33.597;0.034;FALSE;FALSE;FALSE
WA;2001;6.1323;34.241;0.06;FALSE;FALSE;FALSE
WI;2001;6.1303;35.45;0.024;FALSE;FALSE;FALSE
WV;2001;5.9619;35.611;0.03;FALSE;FALSE;FALSE
WY;2001;5.9624;34.949;0.024;FALSE;FALSE;FALSE
AK;2002;6.2575;34.477;0.033;FALSE;FALSE;FALSE
AL;2002;6.028;34.689;0.054;FALSE;FALSE;FALSE
AR;2002;5.9697;35.882;0.042;FALSE;FALSE;FALSE
AZ;2002;6.0652;34.185;0.035;FALSE;FALSE;FALSE
CA;2002;6.2348;35.634;0.057;FALSE;FALSE;FALSE
CO;2002;6.1894;34.632;0.066;FALSE;FALSE;FALSE
CT;2002;6.3091;35.218;0.039;FALSE;FALSE;FALSE
DE;2002;6.2473;32.761;0.036;FALSE;FALSE;FALSE
FL;2002;6.1497;36.541;0.048;FALSE;FALSE;FALSE
GA;2002;6.1733;35.663;0.055;FALSE;FALSE;FALSE
HI;2002;6.2341;37.402;0.029;FALSE;FALSE;FALSE
IA;2002;6.1007;34.348;0.028;FALSE;FALSE;FALSE
ID;2002;5.8949;33.594;0.055;FALSE;FALSE;FALSE
IL;2002;6.2188;35.682;0.05;FALSE;FALSE;FALSE
IN;2002;6.1198;34.722;0.035;FALSE;FALSE;FALSE
KS;2002;6.1279;35.558;0.032;FALSE;FALSE;FALSE
KY;2002;6.1081;36.443;0.035;FALSE;FALSE;FALSE
LA;2002;6.0062;34.334;0.021;FALSE;FALSE;FALSE
MA;2002;6.3055;33.188;0.048;FALSE;FALSE;FALSE
MD;2002;6.3261;37.354;0.034;FALSE;FALSE;FALSE
ME;2002;6.0699;34.925;0.033;FALSE;FALSE;FALSE
MI;2002;6.1635;34.843;0.054;FALSE;FALSE;FALSE
MN;2002;6.2242;34.621;0.023;FALSE;FALSE;FALSE
MO;2002;6.2352;37.598;0.057;FALSE;FALSE;FALSE
MS;2002;6.0778;36.626;0.067;FALSE;FALSE;FALSE
MT;2002;5.9256;33.17;0.022;FALSE;FALSE;FALSE
NC;2002;6.0973;35.886;0.074;FALSE;FALSE;FALSE
ND;2002;5.9623;35.312;0.043;FALSE;FALSE;FALSE
NE;2002;6.0715;35.416;0.022;FALSE;FALSE;FALSE
NH;2002;6.2112;34.94;0.032;FALSE;FALSE;FALSE
NJ;2002;6.3169;34.494;0.066;FALSE;FALSE;FALSE
NM;2002;6.0218;35.5;0.043;FALSE;FALSE;FALSE
NV;2002;6.1574;35.941;0.036;FALSE;FALSE;FALSE
NY;2002;6.2638;35.591;0.055;FALSE;FALSE;FALSE
OH;2002;6.1488;34.975;0.044;FALSE;FALSE;FALSE
OK;2002;6.0484;34.997;0.025;FALSE;FALSE;FALSE
OR;2002;6.1413;33.604;0.072;FALSE;FALSE;FALSE
PA;2002;6.079;33.885;0.036;FALSE;FALSE;FALSE
RI;2002;6.2123;34.591;0.04;FALSE;FALSE;FALSE
SC;2002;6.1576;36.707;0.053;FALSE;FALSE;FALSE
SD;2002;6.0111;36.039;0.024;FALSE;FALSE;FALSE
TN;2002;6.0877;35.231;0.061;FALSE;FALSE;FALSE
TX;2002;6.0797;36.404;0.063;FALSE;FALSE;FALSE
UT;2002;5.9574;34.162;0.06;FALSE;FALSE;FALSE
VA;2002;6.3119;38.041;0.029;FALSE;FALSE;FALSE
VT;2002;6.1155;32.895;0.024;FALSE;FALSE;FALSE
WA;2002;6.1073;33.65;0.052;FALSE;FALSE;FALSE
WI;2002;6.1657;35.624;0.044;FALSE;FALSE;FALSE
WV;2002;5.9498;33.485;0.043;FALSE;FALSE;FALSE
WY;2002;5.9266;34.793;0.037;FALSE;FALSE;FALSE
AK;2003;6.2841;34.811;0.041;FALSE;FALSE;FALSE
AL;2003;6.0839;36.175;0.048;FALSE;FALSE;FALSE
AR;2003;6.0251;35.211;0.066;FALSE;FALSE;FALSE
AZ;2003;6.2215;33.742;0.028;FALSE;FALSE;FALSE
CA;2003;6.2774;34.638;0.054;FALSE;FALSE;FALSE
CO;2003;6.3139;34.875;0.051;FALSE;FALSE;FALSE
CT;2003;6.3438;34.816;0.048;FALSE;FALSE;FALSE
DE;2003;6.2496;32.289;0.031;FALSE;FALSE;FALSE
FL;2003;6.1717;36.227;0.045;FALSE;FALSE;FALSE
GA;2003;6.2309;36.906;0.031;FALSE;FALSE;FALSE
HI;2003;6.1767;35.955;0.025;FALSE;FALSE;FALSE
IA;2003;6.0535;33.345;0.043;FALSE;FALSE;FALSE
ID;2003;5.9523;34.591;0.042;FALSE;FALSE;FALSE
IL;2003;6.2719;36.664;0.057;FALSE;FALSE;FALSE
IN;2003;6.1098;34.387;0.03;FALSE;FALSE;FALSE
KS;2003;6.1141;34.968;0.036;FALSE;FALSE;FALSE
KY;2003;6.0707;34.597;0.036;FALSE;FALSE;FALSE
LA;2003;5.9696;35.384;0.058;FALSE;FALSE;FALSE
MA;2003;6.3166;31.879;0.048;FALSE;FALSE;FALSE
MD;2003;6.3493;36.411;0.024;FALSE;FALSE;FALSE
ME;2003;6.0415;32.355;0.029;FALSE;FALSE;FALSE
MI;2003;6.1961;34.935;0.053;FALSE;FALSE;FALSE
MN;2003;6.2944;35.223;0.03;FALSE;FALSE;FALSE
MO;2003;6.1715;36.663;0.026;FALSE;FALSE;FALSE
MS;2003;6.0537;36.159;0.035;FALSE;FALSE;FALSE
MT;2003;5.8609;31.844;0.043;FALSE;FALSE;FALSE
NC;2003;6.1189;36.561;0.05;FALSE;FALSE;FALSE
ND;2003;6.0376;35.875;0.021;FALSE;FALSE;FALSE
NE;2003;6.0797;35.334;0.028;FALSE;FALSE;FALSE
NH;2003;6.2298;34.781;0.031;FALSE;FALSE;FALSE
NJ;2003;6.2534;34.728;0.039;FALSE;FALSE;FALSE
NM;2003;6.0287;36.074;0.063;FALSE;FALSE;FALSE
NV;2003;6.1987;35.24;0.046;FALSE;FALSE;FALSE
NY;2003;6.2184;35.169;0.05;FALSE;FALSE;FALSE
OH;2003;6.1498;33.583;0.044;FALSE;FALSE;FALSE
OK;2003;6.0799;35.56;0.057;FALSE;FALSE;FALSE
OR;2003;6.1097;32.193;0.072;FALSE;FALSE;FALSE
PA;2003;6.1666;34.868;0.042;FALSE;FALSE;FALSE
RI;2003;6.1969;34.33;0.048;FALSE;FALSE;FALSE
SC;2003;6.1418;36.067;0.037;FALSE;FALSE;FALSE
SD;2003;6.0945;35.586;0.032;FALSE;FALSE;FALSE
TN;2003;6.152;35.708;0.066;FALSE;FALSE;FALSE
TX;2003;6.091;35.944;0.052;FALSE;FALSE;FALSE
UT;2003;6.0342;33.71;0.029;FALSE;FALSE;FALSE
VA;2003;6.2368;36.941;0.034;FALSE;FALSE;FALSE
VT;2003;6.2134;34.5;0.037;FALSE;FALSE;FALSE
WA;2003;6.2432;34.336;0.045;FALSE;FALSE;FALSE
WI;2003;6.1901;35.23;0.031;FALSE;FALSE;FALSE
WV;2003;5.9472;33.506;0.044;FALSE;FALSE;FALSE
WY;2003;5.9797;35.701;0.023;FALSE;FALSE;FALSE
AK;2004;6.3264;34.679;0.074;FALSE;FALSE;FALSE
AL;2004;6.0555;34.729;0.06;FALSE;FALSE;FALSE
AR;2004;6.0444;35.866;0.047;FALSE;FALSE;FALSE
AZ;2004;6.2112;35.853;0.056;FALSE;FALSE;FALSE
CA;2004;6.2941;34.845;0.053;FALSE;FALSE;FALSE
CO;2004;6.3595;35.465;0.037;FALSE;FALSE;FALSE
CT;2004;6.3532;34.039;0.035;FALSE;FALSE;FALSE
DE;2004;6.3622;35.151;0.029;FALSE;FALSE;FALSE
FL;2004;6.2393;36.363;0.036;FALSE;FALSE;FALSE
GA;2004;6.2828;36.651;0.023;FALSE;FALSE;FALSE
HI;2004;6.2432;35.353;0.025;FALSE;FALSE;FALSE
IA;2004;6.1118;34.836;0.036;FALSE;FALSE;FALSE
ID;2004;6.0414;34.52;0.046;FALSE;FALSE;FALSE
IL;2004;6.2677;35.541;0.057;FALSE;FALSE;FALSE
IN;2004;6.1386;35.302;0.062;FALSE;FALSE;FALSE
KS;2004;6.1212;34.253;0.065;FALSE;FALSE;FALSE
KY;2004;6.0949;35.281;0.032;FALSE;FALSE;FALSE
LA;2004;6.1449;35.949;0.059;FALSE;FALSE;FALSE
MA;2004;6.3168;32.447;0.028;FALSE;FALSE;FALSE
MD;2004;6.3962;37.072;0.039;FALSE;FALSE;FALSE
ME;2004;6.0786;32.286;0.047;FALSE;FALSE;FALSE
MI;2004;6.2096;33.777;0.054;FALSE;FALSE;FALSE
MN;2004;6.2875;35.587;0.033;FALSE;FALSE;FALSE
MO;2004;6.1559;35.845;0.053;FALSE;FALSE;FALSE
MS;2004;6.0732;35.294;0.045;FALSE;FALSE;FALSE
MT;2004;5.9671;34.151;0.026;FALSE;FALSE;FALSE
NC;2004;6.1698;36.762;0.05;FALSE;FALSE;FALSE
ND;2004;6.11;35.927;0.023;FALSE;FALSE;FALSE
NE;2004;6.1296;35.611;0.02;FALSE;FALSE;FALSE
NH;2004;6.2624;33.624;0.031;FALSE;FALSE;FALSE
NJ;2004;6.2837;34.696;0.054;FALSE;FALSE;FALSE
NM;2004;6.0298;36.145;0.024;FALSE;FALSE;FALSE
NV;2004;6.1671;35.983;0.038;FALSE;FALSE;FALSE
NY;2004;6.3029;35.411;0.052;FALSE;FALSE;FALSE
OH;2004;6.1179;33.867;0.045;FALSE;FALSE;FALSE
OK;2004;6.0287;33.837;0.051;FALSE;FALSE;FALSE
OR;2004;6.0623;33.183;0.06;FALSE;FALSE;FALSE
PA;2004;6.1471;35.082;0.044;FALSE;FALSE;FALSE
RI;2004;6.2195;33.503;0.045;FALSE;FALSE;FALSE
SC;2004;6.1709;35.969;0.068;FALSE;FALSE;FALSE
SD;2004;6.1318;35.875;0.04;FALSE;FALSE;FALSE
TN;2004;6.158;36.157;0.032;FALSE;FALSE;FALSE
TX;2004;6.0992;36.354;0.052;FALSE;FALSE;FALSE
UT;2004;5.9831;33.182;0.045;FALSE;FALSE;FALSE
VA;2004;6.3151;36.744;0.034;FALSE;FALSE;FALSE
VT;2004;6.2247;34.403;0.037;FALSE;FALSE;FALSE
WA;2004;6.2521;34.118;0.061;FALSE;FALSE;FALSE
WI;2004;6.1728;35.355;0.044;FALSE;FALSE;FALSE
WV;2004;6.1025;33.637;0.034;FALSE;FALSE;FALSE
WY;2004;5.9952;35.429;0.032;FALSE;FALSE;FALSE
AK;2005;6.3584;34.681;0.041;FALSE;FALSE;FALSE
AL;2005;6.1975;35.514;0.053;FALSE;FALSE;FALSE
AR;2005;6.147;36.01;0.042;FALSE;FALSE;FALSE
AZ;2005;6.2802;36.147;0.043;FALSE;FALSE;FALSE
CA;2005;6.3151;34.469;0.051;FALSE;FALSE;FALSE
CO;2005;6.3653;34.884;0.055;FALSE;FALSE;FALSE
CT;2005;6.3735;33.832;0.036;FALSE;FALSE;FALSE
DE;2005;6.3346;34.483;0.047;FALSE;FALSE;FALSE
FL;2005;6.2273;36.679;0.033;FALSE;FALSE;FALSE
GA;2005;6.2217;35.885;0.06;FALSE;FALSE;FALSE
HI;2005;6.296;35.858;0.017;FALSE;FALSE;FALSE
IA;2005;6.1769;35.332;0.038;FALSE;FALSE;FALSE
ID;2005;6.0704;34.653;0.036;FALSE;FALSE;FALSE
IL;2005;6.246;35.386;0.042;FALSE;FALSE;FALSE
IN;2005;6.2393;33.798;0.041;FALSE;FALSE;FALSE
KS;2005;6.1884;35.233;0.057;FALSE;FALSE;FALSE
KY;2005;6.1685;35.857;0.081;FALSE;FALSE;FALSE
LA;2005;6.0838;34.129;0.044;FALSE;FALSE;FALSE
MA;2005;6.3453;33.515;0.05;FALSE;FALSE;FALSE
MD;2005;6.4525;36.796;0.036;FALSE;FALSE;FALSE
ME;2005;6.2061;33.636;0.033;FALSE;FALSE;FALSE
MI;2005;6.2202;32.662;0.048;FALSE;FALSE;FALSE
MN;2005;6.3198;35.255;0.021;FALSE;FALSE;FALSE
MO;2005;6.208;37.184;0.04;FALSE;FALSE;FALSE
MS;2005;5.998;35.694;0.057;FALSE;FALSE;FALSE
MT;2005;6.0074;34.5;0.026;FALSE;FALSE;FALSE
NC;2005;6.2253;36.116;0.038;FALSE;FALSE;FALSE
ND;2005;6.0387;34.38;0.016;FALSE;FALSE;FALSE
NE;2005;6.1169;36.055;0.04;FALSE;FALSE;FALSE
NH;2005;6.3072;33.202;0.027;FALSE;FALSE;FALSE
NJ;2005;6.4035;35.186;0.043;FALSE;FALSE;FALSE
NM;2005;6.1462;37.344;0.086;FALSE;FALSE;FALSE
NV;2005;6.2684;36.361;0.037;FALSE;FALSE;FALSE
NY;2005;6.281;35.364;0.033;FALSE;FALSE;FALSE
OH;2005;6.1951;34.377;0.045;FALSE;FALSE;FALSE
OK;2005;6.1569;36.514;0.053;FALSE;FALSE;FALSE
OR;2005;6.1697;33.952;0.082;FALSE;FALSE;FALSE
PA;2005;6.1899;34.591;0.059;FALSE;FALSE;FALSE
RI;2005;6.2457;34.074;0.026;FALSE;FALSE;FALSE
SC;2005;6.1827;38.11;0.054;FALSE;FALSE;FALSE
SD;2005;6;35.133;0.03;FALSE;FALSE;FALSE
TN;2005;6.1781;34.556;0.059;FALSE;FALSE;FALSE
TX;2005;6.1331;36.287;0.047;FALSE;FALSE;FALSE
UT;2005;6.0487;33.256;0.039;FALSE;FALSE;FALSE
VA;2005;6.3563;36.893;0.038;FALSE;FALSE;FALSE
VT;2005;6.1952;34.872;0.026;FALSE;FALSE;FALSE
WA;2005;6.2972;35.811;0.058;FALSE;FALSE;FALSE
WI;2005;6.1691;34.593;0.033;FALSE;FALSE;FALSE
WV;2005;6.062;34.547;0.03;FALSE;FALSE;FALSE
WY;2005;6.0711;36.474;0.021;FALSE;FALSE;FALSE
AK;2006;6.3011;34.442;0.032;FALSE;FALSE;FALSE
AL;2006;6.1968;35.081;0.043;FALSE;FALSE;FALSE
AR;2006;6.1739;36.361;0.059;FALSE;FALSE;FALSE
AZ;2006;6.2894;37.021;0.035;FALSE;FALSE;FALSE
CA;2006;6.3491;35.251;0.039;FALSE;FALSE;FALSE
CO;2006;6.3255;34.524;0.03;FALSE;FALSE;FALSE
CT;2006;6.4104;34.719;0.035;FALSE;FALSE;FALSE
DE;2006;6.3111;34.211;0.033;FALSE;FALSE;FALSE
FL;2006;6.301;36.517;0.028;FALSE;FALSE;FALSE
GA;2006;6.2819;36.153;0.047;FALSE;FALSE;FALSE
HI;2006;6.2949;35.92;0.024;FALSE;FALSE;FALSE
IA;2006;6.2448;35.363;0.029;FALSE;FALSE;FALSE
ID;2006;6.0377;33.624;0.038;FALSE;FALSE;FALSE
IL;2006;6.3017;36.188;0.027;FALSE;FALSE;FALSE
IN;2006;6.166;34.555;0.049;FALSE;FALSE;FALSE
KS;2006;6.1923;35.589;0.02;FALSE;FALSE;FALSE
KY;2006;6.1601;35.64;0.062;FALSE;FALSE;FALSE
LA;2006;6.1537;34.324;0.068;FALSE;FALSE;FALSE
MA;2006;6.3387;34.102;0.042;FALSE;FALSE;FALSE
MD;2006;6.4545;37.552;0.033;FALSE;FALSE;FALSE
ME;2006;6.1564;34.68;0.044;FALSE;FALSE;FALSE
MI;2006;6.1855;32.891;0.048;FALSE;FALSE;FALSE
MN;2006;6.3678;35.583;0.031;FALSE;FALSE;FALSE
MO;2006;6.2362;35.114;0.054;FALSE;FALSE;FALSE
MS;2006;6.1687;36.087;0.061;FALSE;FALSE;FALSE
MT;2006;6.1046;34.151;0.043;FALSE;FALSE;FALSE
NC;2006;6.2383;35.957;0.037;FALSE;FALSE;FALSE
ND;2006;6.1562;35.841;0.018;FALSE;FALSE;FALSE
NE;2006;6.189;36.526;0.022;FALSE;FALSE;FALSE
NH;2006;6.3364;34.913;0.019;FALSE;FALSE;FALSE
NJ;2006;6.4938;36.17;0.059;FALSE;FALSE;FALSE
NM;2006;6.1418;35.392;0.066;FALSE;FALSE;FALSE
NV;2006;6.3572;36.798;0.029;FALSE;FALSE;FALSE
NY;2006;6.3426;35.719;0.036;FALSE;FALSE;FALSE
OH;2006;6.2278;35.199;0.052;FALSE;FALSE;FALSE
OK;2006;6.2127;37.17;0.03;FALSE;FALSE;FALSE
OR;2006;6.1263;33.56;0.055;FALSE;FALSE;FALSE
PA;2006;6.2271;34.694;0.038;FALSE;FALSE;FALSE
RI;2006;6.3489;34.675;0.032;FALSE;FALSE;FALSE
SC;2006;6.1359;36.372;0.057;FALSE;FALSE;FALSE
SD;2006;6.2087;36.321;0.037;FALSE;FALSE;FALSE
TN;2006;6.215;35.417;0.064;FALSE;FALSE;FALSE
TX;2006;6.192;36.68;0.038;FALSE;FALSE;FALSE
UT;2006;6.0417;33.659;0.023;FALSE;FALSE;FALSE
VA;2006;6.3538;35.788;0.02;FALSE;FALSE;FALSE
VT;2006;6.1711;34.263;0.03;FALSE;FALSE;FALSE
WA;2006;6.3345;35.857;0.037;FALSE;FALSE;FALSE
WI;2006;6.2704;36.367;0.03;FALSE;FALSE;FALSE
WV;2006;6.0973;34.806;0.043;FALSE;FALSE;FALSE
WY;2006;6.184;36.9;0.043;FALSE;FALSE;FALSE
AK;2007;6.334;35.24;0.064;FALSE;FALSE;FALSE
AL;2007;6.1763;35.143;0.034;FALSE;FALSE;FALSE
AR;2007;6.1405;37.25;0.063;FALSE;FALSE;FALSE
AZ;2007;6.373;36.855;0.038;FALSE;FALSE;FALSE
CA;2007;6.3997;34.74;0.047;FALSE;FALSE;FALSE
CO;2007;6.389;34.839;0.025;FALSE;FALSE;FALSE
CT;2007;6.4048;33.965;0.043;FALSE;FALSE;FALSE
DE;2007;6.4267;34.214;0.037;FALSE;FALSE;FALSE
FL;2007;6.3215;36.91;0.025;FALSE;FALSE;FALSE
GA;2007;6.309;36.937;0.04;FALSE;FALSE;FALSE
HI;2007;6.3166;36.398;0.018;FALSE;FALSE;FALSE
IA;2007;6.2506;34.014;0.038;FALSE;FALSE;FALSE
ID;2007;6.1447;34.415;0.013;FALSE;FALSE;FALSE
IL;2007;6.3507;36.375;0.043;FALSE;FALSE;FALSE
IN;2007;6.2468;34.72;0.046;FALSE;FALSE;FALSE
KS;2007;6.2667;36.607;0.033;FALSE;FALSE;FALSE
KY;2007;6.231;36.264;0.063;FALSE;FALSE;FALSE
LA;2007;6.2694;36.81;0.052;FALSE;FALSE;FALSE
MA;2007;6.3316;33.256;0.037;FALSE;FALSE;FALSE
MD;2007;6.5289;37.513;0.034;FALSE;FALSE;FALSE
ME;2007;6.183;34.36;0.022;FALSE;FALSE;FALSE
MI;2007;6.1947;34.091;0.07;FALSE;FALSE;FALSE
MN;2007;6.3501;35.349;0.033;FALSE;FALSE;FALSE
MO;2007;6.2868;36.646;0.034;FALSE;FALSE;FALSE
MS;2007;6.0844;35.826;0.075;FALSE;FALSE;FALSE
MT;2007;6.1583;34.688;0.034;FALSE;FALSE;FALSE
NC;2007;6.209;34.498;0.043;FALSE;FALSE;FALSE
ND;2007;6.2513;36.217;0.033;FALSE;FALSE;FALSE
NE;2007;6.2344;36.526;0.015;FALSE;FALSE;FALSE
NH;2007;6.3804;34.087;0.033;FALSE;FALSE;FALSE
NJ;2007;6.4432;36.244;0.031;FALSE;FALSE;FALSE
NM;2007;6.2002;36.766;0.031;FALSE;FALSE;FALSE
NV;2007;6.3091;37.121;0.029;FALSE;FALSE;FALSE
NY;2007;6.3854;36.066;0.035;FALSE;FALSE;FALSE
OH;2007;6.2792;34.899;0.034;FALSE;FALSE;FALSE
OK;2007;6.1805;35.949;0.029;FALSE;FALSE;FALSE
OR;2007;6.2408;33.841;0.051;FALSE;FALSE;FALSE
PA;2007;6.2868;34.302;0.039;FALSE;FALSE;FALSE
RI;2007;6.3422;35.376;0.035;FALSE;FALSE;FALSE
SC;2007;6.2225;35.688;0.038;FALSE;FALSE;FALSE
SD;2007;6.2244;37.262;0.027;FALSE;FALSE;FALSE
TN;2007;6.2239;34.868;0.045;FALSE;FALSE;FALSE
TX;2007;6.2223;36.758;0.038;FALSE;FALSE;FALSE
UT;2007;6.1817;35.377;0.018;FALSE;FALSE;FALSE
VA;2007;6.4149;36.515;0.018;FALSE;FALSE;FALSE
VT;2007;6.3205;35.986;0.033;FALSE;FALSE;FALSE
WA;2007;6.4136;36.29;0.029;FALSE;FALSE;FALSE
WI;2007;6.3177;35.227;0.03;FALSE;FALSE;FALSE
WV;2007;6.1292;33.838;0.037;FALSE;FALSE;FALSE
WY;2007;6.1968;35.195;0.015;FALSE;FALSE;FALSE
AK;2008;6.4606;35.386;0.062;FALSE;FALSE;FALSE
AL;2008;6.2963;36.396;0.038;FALSE;FALSE;FALSE
AR;2008;6.201;36.457;0.037;FALSE;FALSE;FALSE
AZ;2008;6.407;37.735;0.046;FALSE;FALSE;FALSE
CA;2008;6.416;35.499;0.061;FALSE;FALSE;FALSE
CO;2008;6.3764;35.14;0.029;FALSE;FALSE;FALSE
CT;2008;6.5436;36.228;0.04;FALSE;FALSE;FALSE
DE;2008;6.4144;35.749;0.039;FALSE;FALSE;FALSE
FL;2008;6.3448;36.301;0.049;FALSE;FALSE;FALSE
GA;2008;6.3061;36.757;0.059;FALSE;FALSE;FALSE
HI;2008;6.3739;36.333;0.028;FALSE;FALSE;FALSE
IA;2008;6.2889;36.168;0.041;FALSE;FALSE;FALSE
ID;2008;6.1638;34.082;0.039;FALSE;FALSE;FALSE
IL;2008;6.3051;34.956;0.057;FALSE;FALSE;FALSE
IN;2008;6.2608;35.063;0.049;FALSE;FALSE;FALSE
KS;2008;6.2629;36.227;0.043;FALSE;FALSE;FALSE
KY;2008;6.2364;35.393;0.061;FALSE;FALSE;FALSE
LA;2008;6.2619;35.882;0.025;FALSE;FALSE;FALSE
MA;2008;6.5429;34.742;0.049;FALSE;FALSE;FALSE
MD;2008;6.5567;37.642;0.025;FALSE;FALSE;FALSE
ME;2008;6.312;34.782;0.044;FALSE;FALSE;FALSE
MI;2008;6.218;33.643;0.053;FALSE;FALSE;FALSE
MN;2008;6.3992;35.432;0.053;FALSE;FALSE;FALSE
MO;2008;6.258;36.269;0.032;FALSE;FALSE;FALSE
MS;2008;6.2467;37.915;0.068;FALSE;FALSE;FALSE
MT;2008;6.1561;34.273;0.031;FALSE;FALSE;FALSE
NC;2008;6.3469;35.8;0.05;FALSE;FALSE;FALSE
ND;2008;6.2248;36.949;0.025;FALSE;FALSE;FALSE
NE;2008;6.2552;36.212;0.035;FALSE;FALSE;FALSE
NH;2008;6.3718;34.655;0.031;FALSE;FALSE;FALSE
NJ;2008;6.4311;35.889;0.03;FALSE;FALSE;FALSE
NM;2008;6.262;36.275;0.036;FALSE;FALSE;FALSE
NV;2008;6.405;37.179;0.059;FALSE;FALSE;FALSE
NY;2008;6.4079;35.904;0.052;FALSE;FALSE;FALSE
OH;2008;6.2532;35.05;0.064;FALSE;FALSE;FALSE
OK;2008;6.243;37.526;0.037;FALSE;FALSE;FALSE
OR;2008;6.2189;33.747;0.034;FALSE;FALSE;FALSE
PA;2008;6.3094;34.98;0.029;FALSE;FALSE;FALSE
RI;2008;6.3151;34.229;0.058;FALSE;FALSE;FALSE
SC;2008;6.282;36.201;0.052;FALSE;FALSE;FALSE
SD;2008;6.2195;36.394;0.013;FALSE;FALSE;FALSE
TN;2008;6.2012;35.089;0.07;FALSE;FALSE;FALSE
TX;2008;6.2466;37.563;0.034;FALSE;FALSE;FALSE
UT;2008;6.1765;34.289;0.034;FALSE;FALSE;FALSE
VA;2008;6.4424;35.786;0.034;FALSE;FALSE;FALSE
VT;2008;6.2539;34.544;0.06;FALSE;FALSE;FALSE
WA;2008;6.363;34.45;0.029;FALSE;FALSE;FALSE
WI;2008;6.311;35.627;0.03;FALSE;FALSE;FALSE
WV;2008;6.274;36.207;0.034;FALSE;FALSE;FALSE
WY;2008;6.3488;36.653;0.021;FALSE;FALSE;FALSE
AK;2009;6.382;34.437;0.033;FALSE;FALSE;FALSE
AL;2009;6.2823;35.652;0.112;FALSE;FALSE;FALSE
AR;2009;6.1814;37.094;0.052;FALSE;FALSE;FALSE
AZ;2009;6.4556;36.254;0.058;FALSE;FALSE;FALSE
CA;2009;6.4013;34.643;0.092;FALSE;FALSE;FALSE
CO;2009;6.4445;34.975;0.063;FALSE;FALSE;FALSE
CT;2009;6.5271;34.323;0.077;FALSE;FALSE;FALSE
DE;2009;6.45;34.22;0.064;FALSE;FALSE;FALSE
FL;2009;6.3368;36.483;0.082;FALSE;FALSE;FALSE
GA;2009;6.3633;36.453;0.084;FALSE;FALSE;FALSE
HI;2009;6.2913;34.889;0.058;FALSE;FALSE;FALSE
IA;2009;6.2874;35.565;0.045;FALSE;FALSE;FALSE
ID;2009;6.1375;32.688;0.038;FALSE;FALSE;FALSE
IL;2009;6.3043;35.504;0.075;FALSE;FALSE;FALSE
IN;2009;6.2511;34.538;0.066;FALSE;FALSE;FALSE
KS;2009;6.2608;35.826;0.037;FALSE;FALSE;FALSE
KY;2009;6.1806;35.671;0.082;FALSE;FALSE;FALSE
LA;2009;6.2837;36.186;0.065;FALSE;FALSE;FALSE
MA;2009;6.5188;34.194;0.053;FALSE;FALSE;FALSE
MD;2009;6.5709;37.513;0.056;FALSE;FALSE;FALSE
ME;2009;6.2975;35.035;0.068;FALSE;FALSE;FALSE
MI;2009;6.2901;32.593;0.086;FALSE;FALSE;FALSE
MN;2009;6.4404;35.307;0.066;FALSE;FALSE;FALSE
MO;2009;6.2523;35.696;0.068;FALSE;FALSE;FALSE
MS;2009;6.1899;37.01;0.068;FALSE;FALSE;FALSE
MT;2009;6.2118;36.403;0.033;FALSE;FALSE;FALSE
NC;2009;6.3289;34.584;0.095;FALSE;FALSE;FALSE
ND;2009;6.2649;35.976;0.029;FALSE;FALSE;FALSE
NE;2009;6.2768;35.563;0.052;FALSE;FALSE;FALSE
NH;2009;6.4124;33.882;0.05;FALSE;FALSE;FALSE
NJ;2009;6.4909;35.012;0.066;FALSE;FALSE;FALSE
NM;2009;6.238;36.078;0.07;FALSE;FALSE;FALSE
NV;2009;6.2878;35.989;0.095;FALSE;FALSE;FALSE
NY;2009;6.4091;35.444;0.074;FALSE;FALSE;FALSE
OH;2009;6.2484;34.013;0.072;FALSE;FALSE;FALSE
OK;2009;6.2413;37.066;0.054;FALSE;FALSE;FALSE
OR;2009;6.243;32.52;0.083;FALSE;FALSE;FALSE
PA;2009;6.2909;34.176;0.064;FALSE;FALSE;FALSE
RI;2009;6.3382;33.866;0.107;FALSE;FALSE;FALSE
SC;2009;6.2364;33.763;0.099;FALSE;FALSE;FALSE
SD;2009;6.2045;35.044;0.034;FALSE;FALSE;FALSE
TN;2009;6.2275;35.258;0.105;FALSE;FALSE;FALSE
TX;2009;6.2024;36.561;0.057;FALSE;FALSE;FALSE
UT;2009;6.0924;32.436;0.066;FALSE;FALSE;FALSE
VA;2009;6.4264;36.171;0.054;FALSE;FALSE;FALSE
VT;2009;6.3107;35.735;0.04;FALSE;FALSE;FALSE
WA;2009;6.4638;35.802;0.06;FALSE;FALSE;FALSE
WI;2009;6.3419;34.977;0.059;FALSE;FALSE;FALSE
WV;2009;6.2278;34.17;0.057;FALSE;FALSE;FALSE
WY;2009;6.2117;33.724;0.026;FALSE;FALSE;FALSE
AK;2010;6.4336;35.389;0.051;FALSE;FALSE;FALSE
AL;2010;6.28;35.877;0.111;FALSE;FALSE;FALSE
AR;2010;6.2463;36.181;0.084;FALSE;FALSE;FALSE
AZ;2010;6.3839;36.496;0.069;FALSE;FALSE;FALSE
CA;2010;6.4512;35.485;0.1;FALSE;FALSE;FALSE
CO;2010;6.327;34.636;0.068;FALSE;FALSE;FALSE
CT;2010;6.5298;35.753;0.089;FALSE;FALSE;FALSE
DE;2010;6.4253;33.282;0.066;FALSE;FALSE;FALSE
FL;2010;6.3597;35.602;0.09;FALSE;FALSE;FALSE
GA;2010;6.3425;35.139;0.093;FALSE;FALSE;FALSE
HI;2010;6.3293;34.616;0.047;FALSE;FALSE;FALSE
IA;2010;6.3424;36.186;0.042;FALSE;FALSE;FALSE
ID;2010;6.0764;32.48;0.065;FALSE;FALSE;FALSE
IL;2010;6.3893;35.962;0.085;FALSE;FALSE;FALSE
IN;2010;6.2173;33.943;0.087;FALSE;FALSE;FALSE
KS;2010;6.2289;34.893;0.064;FALSE;FALSE;FALSE
KY;2010;6.2511;35.145;0.092;FALSE;FALSE;FALSE
LA;2010;6.2545;35.142;0.073;FALSE;FALSE;FALSE
MA;2010;6.4875;34.59;0.08;FALSE;FALSE;FALSE
MD;2010;6.5673;37.142;0.055;FALSE;FALSE;FALSE
ME;2010;6.2724;34.151;0.05;FALSE;FALSE;FALSE
MI;2010;6.3985;35.042;0.084;FALSE;FALSE;FALSE
MN;2010;6.3658;33.972;0.061;FALSE;FALSE;FALSE
MO;2010;6.3076;36.468;0.075;FALSE;FALSE;FALSE
MS;2010;6.2844;36.649;0.119;FALSE;FALSE;FALSE
MT;2010;6.1563;33.229;0.074;FALSE;FALSE;FALSE
NC;2010;6.3542;34.804;0.082;FALSE;FALSE;FALSE
ND;2010;6.2935;36.246;0.029;FALSE;FALSE;FALSE
NE;2010;6.3151;36.727;0.035;FALSE;FALSE;FALSE
NH;2010;6.4405;34.838;0.05;FALSE;FALSE;FALSE
NJ;2010;6.5765;35.486;0.084;FALSE;FALSE;FALSE
NM;2010;6.3152;35.369;0.071;FALSE;FALSE;FALSE
NV;2010;6.3736;36.883;0.124;FALSE;FALSE;FALSE
NY;2010;6.4989;35.851;0.069;FALSE;FALSE;FALSE
OH;2010;6.2961;34.944;0.093;FALSE;FALSE;FALSE
OK;2010;6.2853;35.364;0.068;FALSE;FALSE;FALSE
OR;2010;6.2131;34.203;0.108;FALSE;FALSE;FALSE
PA;2010;6.3383;35.299;0.074;FALSE;FALSE;FALSE
RI;2010;6.4107;33.718;0.079;FALSE;FALSE;FALSE
SC;2010;6.2593;35.395;0.074;FALSE;FALSE;FALSE
SD;2010;6.2638;34.631;0.032;FALSE;FALSE;FALSE
TN;2010;6.2478;34.951;0.096;FALSE;FALSE;FALSE
TX;2010;6.2711;37.028;0.069;FALSE;FALSE;FALSE
UT;2010;6.1956;33.802;0.057;FALSE;FALSE;FALSE
VA;2010;6.4403;36.149;0.055;FALSE;FALSE;FALSE
VT;2010;6.3371;35.723;0.055;FALSE;FALSE;FALSE
WA;2010;6.4009;35.136;0.088;FALSE;FALSE;FALSE
WI;2010;6.3154;34.747;0.073;FALSE;FALSE;FALSE
WV;2010;6.2016;34.269;0.051;FALSE;FALSE;FALSE
WY;2010;6.2135;33.669;0.062;FALSE;FALSE;FALSE
AK;2011;6.4787;36.06;0.06;FALSE;FALSE;FALSE
AL;2011;6.2327;34.476;0.115;FALSE;FALSE;FALSE
AR;2011;6.3201;37.768;0.092;FALSE;FALSE;FALSE
AZ;2011;6.364;37.534;0.078;FALSE;FALSE;FALSE
CA;2011;6.4361;34.963;0.109;FALSE;FALSE;FALSE
CO;2011;6.4084;36.194;0.058;FALSE;FALSE;FALSE
CT;2011;6.5319;34.275;0.074;FALSE;FALSE;FALSE
DE;2011;6.4456;34.253;0.055;FALSE;FALSE;FALSE
FL;2011;6.4214;36.669;0.085;FALSE;FALSE;FALSE
GA;2011;6.3242;34.86;0.106;FALSE;FALSE;FALSE
HI;2011;6.3452;35.657;0.046;FALSE;FALSE;FALSE
IA;2011;6.3287;35.454;0.045;FALSE;FALSE;FALSE
ID;2011;6.182;34.46;0.065;FALSE;FALSE;FALSE
IL;2011;6.4196;36.049;0.079;FALSE;FALSE;FALSE
IN;2011;6.1964;33.166;0.098;FALSE;FALSE;FALSE
KS;2011;6.2983;35.011;0.067;FALSE;FALSE;FALSE
KY;2011;6.3226;34.77;0.086;FALSE;FALSE;FALSE
LA;2011;6.2259;37.267;0.073;FALSE;FALSE;FALSE
MA;2011;6.4674;34.271;0.039;FALSE;FALSE;FALSE
MD;2011;6.5401;37.285;0.068;FALSE;FALSE;FALSE
ME;2011;6.3156;34.429;0.067;FALSE;FALSE;FALSE
MI;2011;6.2599;33.386;0.072;FALSE;FALSE;FALSE
MN;2011;6.4465;35.466;0.048;FALSE;FALSE;FALSE
MO;2011;6.3733;36.01;0.064;FALSE;FALSE;FALSE
MS;2011;6.1813;35.523;0.086;FALSE;FALSE;FALSE
MT;2011;6.2231;35.413;0.048;FALSE;FALSE;FALSE
NC;2011;6.3615;35.175;0.092;FALSE;FALSE;FALSE
ND;2011;6.3273;34.838;0.026;FALSE;FALSE;FALSE
NE;2011;6.3335;37.447;0.04;FALSE;FALSE;FALSE
NH;2011;6.4445;34.459;0.048;FALSE;FALSE;FALSE
NJ;2011;6.5605;36.446;0.081;FALSE;FALSE;FALSE
NM;2011;6.2918;34.601;0.066;FALSE;FALSE;FALSE
NV;2011;6.3909;36.455;0.089;FALSE;FALSE;FALSE
NY;2011;6.4933;36.547;0.08;FALSE;FALSE;FALSE
OH;2011;6.3086;34.171;0.067;FALSE;FALSE;FALSE
OK;2011;6.1921;35.701;0.066;FALSE;FALSE;FALSE
OR;2011;6.3523;34.866;0.086;FALSE;FALSE;FALSE
PA;2011;6.336;34.247;0.074;FALSE;FALSE;FALSE
RI;2011;6.4059;32.879;0.093;FALSE;FALSE;FALSE
SC;2011;6.2919;35.082;0.095;FALSE;FALSE;FALSE
SD;2011;6.2565;35.358;0.023;FALSE;FALSE;FALSE
TN;2011;6.2653;36.037;0.08;FALSE;FALSE;FALSE
TX;2011;6.3309;37.256;0.08;FALSE;FALSE;FALSE
UT;2011;6.1338;31.622;0.066;FALSE;FALSE;FALSE
VA;2011;6.5391;36.96;0.054;FALSE;FALSE;FALSE
VT;2011;6.35;35.042;0.036;FALSE;FALSE;FALSE
WA;2011;6.4126;34.01;0.097;FALSE;FALSE;FALSE
WI;2011;6.3321;34.998;0.056;FALSE;FALSE;FALSE
WV;2011;6.1964;34.212;0.042;FALSE;FALSE;FALSE
WY;2011;6.2691;35.521;0.06;FALSE;FALSE;FALSE
AK;2012;6.4193;34.73;0.062;FALSE;FALSE;FALSE
AL;2012;6.3656;36.697;0.069;FALSE;FALSE;FALSE
AR;2012;6.3297;37.591;0.055;FALSE;FALSE;FALSE
AZ;2012;6.3406;37.42;0.057;FALSE;FALSE;FALSE
CA;2012;6.4474;34.919;0.094;FALSE;FALSE;FALSE
CO;2012;6.4593;35.897;0.079;FALSE;FALSE;FALSE
CT;2012;6.5118;35.513;0.068;FALSE;FALSE;FALSE
DE;2012;6.4193;34.506;0.054;FALSE;FALSE;FALSE
FL;2012;6.3387;34.652;0.059;FALSE;FALSE;FALSE
GA;2012;6.3874;34.925;0.094;FALSE;FALSE;FALSE
HI;2012;6.4546;36.207;0.033;FALSE;FALSE;FALSE
IA;2012;6.3618;36.763;0.05;FALSE;FALSE;FALSE
ID;2012;6.121;34.263;0.043;FALSE;FALSE;FALSE
IL;2012;6.4173;35.587;0.086;FALSE;FALSE;FALSE
IN;2012;6.3117;35.164;0.083;FALSE;FALSE;FALSE
KS;2012;6.3357;34.877;0.048;FALSE;FALSE;FALSE
KY;2012;6.2607;35.931;0.071;FALSE;FALSE;FALSE
LA;2012;6.1609;35.846;0.052;FALSE;FALSE;FALSE
MA;2012;6.5623;35.338;0.052;FALSE;FALSE;FALSE
MD;2012;6.6243;37.669;0.057;FALSE;FALSE;FALSE
ME;2012;6.3147;34.06;0.06;FALSE;FALSE;FALSE
MI;2012;6.3002;33.648;0.07;FALSE;FALSE;FALSE
MN;2012;6.5065;36.593;0.047;FALSE;FALSE;FALSE
MO;2012;6.3186;36.117;0.056;FALSE;FALSE;FALSE
MS;2012;6.1889;35.886;0.101;FALSE;FALSE;FALSE
MT;2012;6.2471;33.667;0.064;FALSE;FALSE;FALSE
NC;2012;6.3304;36.349;0.079;FALSE;FALSE;FALSE
ND;2012;6.3718;34.832;0.014;FALSE;FALSE;FALSE
NE;2012;6.4564;36.423;0.029;FALSE;FALSE;FALSE
NH;2012;6.4834;35.64;0.038;FALSE;FALSE;FALSE
NJ;2012;6.5332;35.948;0.079;FALSE;FALSE;FALSE
NM;2012;6.23;35.012;0.075;FALSE;FALSE;FALSE
NV;2012;6.3894;36.094;0.093;FALSE;FALSE;FALSE
NY;2012;6.4685;36.06;0.075;FALSE;FALSE;FALSE
OH;2012;6.3572;34.182;0.064;FALSE;FALSE;FALSE
OK;2012;6.3522;36.837;0.047;FALSE;FALSE;FALSE
OR;2012;6.3031;32.542;0.066;FALSE;FALSE;FALSE
PA;2012;6.4183;34.896;0.05;FALSE;FALSE;FALSE
RI;2012;6.4455;34.574;0.079;FALSE;FALSE;FALSE
SC;2012;6.2605;35.11;0.068;FALSE;FALSE;FALSE
SD;2012;6.3236;34.72;0.038;FALSE;FALSE;FALSE
TN;2012;6.2821;33.979;0.064;FALSE;FALSE;FALSE
TX;2012;6.3381;37.012;0.059;FALSE;FALSE;FALSE
UT;2012;6.1591;33.171;0.044;FALSE;FALSE;FALSE
VA;2012;6.4702;35.57;0.05;FALSE;FALSE;FALSE
VT;2012;6.3504;34.395;0.041;FALSE;FALSE;FALSE
WA;2012;6.4551;35.992;0.076;FALSE;FALSE;FALSE
WI;2012;6.3349;34.967;0.06;FALSE;FALSE;FALSE
WV;2012;6.3475;33.512;0.066;FALSE;FALSE;FALSE
WY;2012;6.2699;36.15;0.043;FALSE;FALSE;FALSE
AK;2013;6.5366;36.486;0.046;FALSE;FALSE;FALSE
AL;2013;6.3236;36.46;0.065;FALSE;FALSE;FALSE
AR;2013;6.2179;36.86;0.056;FALSE;FALSE;FALSE
AZ;2013;6.4525;37.48;0.065;FALSE;FALSE;FALSE
CA;2013;6.5021;35.396;0.075;FALSE;FALSE;FALSE
CO;2013;6.4802;36.93;0.054;FALSE;FALSE;FALSE
CT;2013;6.5853;34.687;0.073;FALSE;FALSE;FALSE
DE;2013;6.4913;34.501;0.083;FALSE;FALSE;FALSE
FL;2013;6.4129;34.846;0.055;FALSE;FALSE;FALSE
GA;2013;6.3961;37.537;0.081;FALSE;FALSE;FALSE
HI;2013;6.472;36.707;0.031;FALSE;FALSE;FALSE
IA;2013;6.3726;36.155;0.035;FALSE;FALSE;FALSE
ID;2013;6.2136;33.863;0.061;FALSE;FALSE;FALSE
IL;2013;6.4426;36.797;0.09;FALSE;FALSE;FALSE
IN;2013;6.4277;34.878;0.069;FALSE;FALSE;FALSE
KS;2013;6.3139;35.843;0.065;FALSE;FALSE;FALSE
KY;2013;6.2521;34.409;0.075;FALSE;FALSE;FALSE
LA;2013;6.3682;37.516;0.037;FALSE;FALSE;FALSE
MA;2013;6.6048;34.332;0.057;FALSE;FALSE;FALSE
MD;2013;6.602;36.649;0.057;FALSE;FALSE;FALSE
ME;2013;6.3924;34.849;0.047;FALSE;FALSE;FALSE
MI;2013;6.4171;34.804;0.081;FALSE;FALSE;FALSE
MN;2013;6.5057;35.758;0.041;FALSE;FALSE;FALSE
MO;2013;6.3972;36.598;0.038;FALSE;FALSE;FALSE
MS;2013;6.4063;38.219;0.07;FALSE;FALSE;FALSE
MT;2013;6.2713;34.056;0.038;FALSE;FALSE;FALSE
NC;2013;6.2964;34.823;0.08;FALSE;FALSE;FALSE
ND;2013;6.4143;34.614;0.022;FALSE;FALSE;FALSE
NE;2013;6.4341;36.525;0.032;FALSE;FALSE;FALSE
NH;2013;6.5372;35.449;0.059;FALSE;FALSE;FALSE
NJ;2013;6.5425;35.934;0.075;FALSE;FALSE;FALSE
NM;2013;6.3217;33.703;0.085;FALSE;FALSE;FALSE
NV;2013;6.4305;36.502;0.089;FALSE;FALSE;FALSE
NY;2013;6.5153;35.876;0.078;FALSE;FALSE;FALSE
OH;2013;6.3933;34;0.069;FALSE;FALSE;FALSE
OK;2013;6.2986;35.385;0.064;FALSE;FALSE;FALSE
OR;2013;6.3757;33.497;0.048;FALSE;FALSE;FALSE
PA;2013;6.4089;35.402;0.067;FALSE;FALSE;FALSE
RI;2013;6.5356;35.13;0.087;FALSE;FALSE;FALSE
SC;2013;6.3285;36.636;0.079;FALSE;FALSE;FALSE
SD;2013;6.2645;36.316;0.029;FALSE;FALSE;FALSE
TN;2013;6.2831;34.406;0.089;FALSE;FALSE;FALSE
TX;2013;6.3482;37.283;0.05;FALSE;FALSE;FALSE
UT;2013;6.1993;32.537;0.03;FALSE;FALSE;FALSE
VA;2013;6.5306;35.166;0.05;FALSE;FALSE;FALSE
VT;2013;6.3745;35.784;0.021;FALSE;FALSE;FALSE
WA;2013;6.4313;34.593;0.061;FALSE;FALSE;FALSE
WI;2013;6.4449;35.391;0.044;FALSE;FALSE;FALSE
WV;2013;6.3229;35.036;0.044;FALSE;FALSE;FALSE
WY;2013;6.2553;35.232;0.02;FALSE;FALSE;FALSE
AK;2014;6.5736;35.324;0.067;FALSE;FALSE;FALSE
AL;2014;6.3284;36.273;0.07;FALSE;FALSE;FALSE
AR;2014;6.3619;36.668;0.042;FALSE;FALSE;FALSE
AZ;2014;6.35;36.444;0.064;FALSE;FALSE;FALSE
CA;2014;6.4784;35.589;0.072;FALSE;FALSE;FALSE
CO;2014;6.5267;36.308;0.046;FALSE;FALSE;FALSE
CT;2014;6.5631;34.645;0.059;FALSE;FALSE;FALSE
DE;2014;6.5196;36.741;0.049;FALSE;FALSE;FALSE
FL;2014;6.4167;35.014;0.063;FALSE;FALSE;FALSE
GA;2014;6.401;36.368;0.058;FALSE;FALSE;FALSE
HI;2014;6.515;36.568;0.045;FALSE;FALSE;FALSE
IA;2014;6.393;36.364;0.032;FALSE;FALSE;FALSE
ID;2014;6.2566;34.257;0.032;FALSE;FALSE;FALSE
IL;2014;6.4603;35.884;0.06;FALSE;FALSE;FALSE
IN;2014;6.3115;34.291;0.051;FALSE;FALSE;FALSE
KS;2014;6.3558;36.573;0.047;FALSE;FALSE;FALSE
KY;2014;6.2977;35.935;0.044;FALSE;FALSE;FALSE
LA;2014;6.3289;36.353;0.07;FALSE;FALSE;FALSE
MA;2014;6.5901;34.26;0.033;FALSE;FALSE;FALSE
MD;2014;6.6859;37.78;0.07;FALSE;FALSE;FALSE
ME;2014;6.3798;33.934;0.057;FALSE;FALSE;FALSE
MI;2014;6.3815;33.987;0.063;FALSE;FALSE;FALSE
MN;2014;6.5463;36.536;0.02;FALSE;FALSE;FALSE
MO;2014;6.3957;34.751;0.05;FALSE;FALSE;FALSE
MS;2014;6.3575;37.849;0.089;FALSE;FALSE;FALSE
MT;2014;6.2837;34.549;0.033;FALSE;FALSE;FALSE
NC;2014;6.4147;35.508;0.051;FALSE;FALSE;FALSE
ND;2014;6.4102;35.764;0.03;FALSE;FALSE;FALSE
NE;2014;6.426;37.405;0.022;FALSE;FALSE;FALSE
NH;2014;6.4123;35.176;0.032;FALSE;FALSE;FALSE
NJ;2014;6.5233;35.627;0.049;FALSE;FALSE;FALSE
NM;2014;6.3013;34.871;0.038;FALSE;FALSE;FALSE
NV;2014;6.3779;36.977;0.062;FALSE;FALSE;FALSE
NY;2014;6.5916;36.463;0.051;FALSE;FALSE;FALSE
OH;2014;6.3941;35.566;0.046;FALSE;FALSE;FALSE
OK;2014;6.3697;37.258;0.058;FALSE;FALSE;FALSE
OR;2014;6.4632;34.315;0.058;FALSE;FALSE;FALSE
PA;2014;6.4127;35.764;0.035;FALSE;FALSE;FALSE
RI;2014;6.4646;35.308;0.052;FALSE;FALSE;FALSE
SC;2014;6.3395;36.809;0.064;FALSE;FALSE;FALSE
SD;2014;6.3334;34.857;0.03;FALSE;FALSE;FALSE
TN;2014;6.3525;34.894;0.07;FALSE;FALSE;FALSE
TX;2014;6.3983;36.892;0.041;FALSE;FALSE;FALSE
UT;2014;6.2384;32.21;0.036;FALSE;FALSE;FALSE
VA;2014;6.5272;36.505;0.062;FALSE;FALSE;FALSE
VT;2014;6.4722;36.702;0.026;FALSE;FALSE;FALSE
WA;2014;6.5027;35.201;0.047;FALSE;FALSE;FALSE
WI;2014;6.482;35.595;0.043;FALSE;FALSE;FALSE
WV;2014;6.2791;35.34;0.053;FALSE;FALSE;FALSE
WY;2014;6.4088;35.913;0.059;FALSE;FALSE;FALSE
AK;2015;6.4877;35.123;0.045;FALSE;FALSE;FALSE
AL;2015;6.3464;36.428;0.07;FALSE;FALSE;FALSE
AR;2015;6.3629;37.253;0.049;FALSE;FALSE;FALSE
AZ;2015;6.3815;36.089;0.045;FALSE;FALSE;FALSE
CA;2015;6.5343;35.298;0.051;FALSE;FALSE;FALSE
CO;2015;6.5517;37.371;0.024;FALSE;FALSE;FALSE
CT;2015;6.5877;34.675;0.074;FALSE;FALSE;FALSE
DE;2015;6.5378;36.247;0.068;FALSE;FALSE;FALSE
FL;2015;6.4094;34.935;0.047;FALSE;FALSE;FALSE
GA;2015;6.3707;36.522;0.073;FALSE;FALSE;FALSE
HI;2015;6.5319;35.754;0.024;FALSE;FALSE;FALSE
IA;2015;6.422;35.205;0.022;FALSE;FALSE;FALSE
ID;2015;6.3389;34.627;0.027;FALSE;FALSE;FALSE
IL;2015;6.5152;36.505;0.039;FALSE;FALSE;FALSE
IN;2015;6.3449;32.916;0.04;FALSE;FALSE;FALSE
KS;2015;6.3958;36.667;0.017;FALSE;FALSE;FALSE
KY;2015;6.4704;36.071;0.054;FALSE;FALSE;FALSE
LA;2015;6.3468;37.479;0.062;FALSE;FALSE;FALSE
MA;2015;6.5802;34.356;0.044;FALSE;FALSE;FALSE
MD;2015;6.6957;37.094;0.044;FALSE;FALSE;FALSE
ME;2015;6.4384;35.042;0.029;FALSE;FALSE;FALSE
MI;2015;6.4422;34.733;0.045;FALSE;FALSE;FALSE
MN;2015;6.5629;37.236;0.025;FALSE;FALSE;FALSE
MO;2015;6.4082;36.171;0.038;FALSE;FALSE;FALSE
MS;2015;6.2781;35.903;0.054;FALSE;FALSE;FALSE
MT;2015;6.3516;35.221;0.027;FALSE;FALSE;FALSE
NC;2015;6.4369;34.737;0.057;FALSE;FALSE;FALSE
ND;2015;6.4652;35.66;0.031;FALSE;FALSE;FALSE
NE;2015;6.3624;34.023;0.015;FALSE;FALSE;FALSE
NH;2015;6.4358;35.387;0.025;FALSE;FALSE;FALSE
NJ;2015;6.6247;36.628;0.059;FALSE;FALSE;FALSE
NM;2015;6.3537;37.238;0.064;FALSE;FALSE;FALSE
NV;2015;6.4177;36.933;0.062;FALSE;FALSE;FALSE
NY;2015;6.5956;36.003;0.043;FALSE;FALSE;FALSE
OH;2015;6.4285;34.953;0.04;FALSE;FALSE;FALSE
OK;2015;6.3926;36.237;0.032;FALSE;FALSE;FALSE
OR;2015;6.4621;34.363;0.046;FALSE;FALSE;FALSE
PA;2015;6.4766;34.881;0.034;FALSE;FALSE;FALSE
RI;2015;6.3957;32.865;0.025;FALSE;FALSE;FALSE
SC;2015;6.318;37.179;0.05;FALSE;FALSE;FALSE
SD;2015;6.3337;34.907;0.037;FALSE;FALSE;FALSE
TN;2015;6.3645;36.008;0.052;FALSE;FALSE;FALSE
TX;2015;6.4098;36.709;0.043;FALSE;FALSE;FALSE
UT;2015;6.175;30.803;0.028;FALSE;FALSE;FALSE
VA;2015;6.6081;36.283;0.043;FALSE;FALSE;FALSE
VT;2015;6.5279;35.874;0.016;FALSE;FALSE;FALSE
WA;2015;6.5168;35.794;0.048;FALSE;FALSE;FALSE
WI;2015;6.4567;35.436;0.043;FALSE;FALSE;FALSE
WV;2015;6.3741;35.049;0.068;FALSE;FALSE;FALSE
WY;2015;6.3428;37.136;0.034;FALSE;FALSE;FALSE
AK;2016;6.6035;35.352;0.06;FALSE;FALSE;FALSE
AL;2016;6.3888;36.533;0.039;FALSE;FALSE;FALSE
AR;2016;6.4176;36.925;0.048;FALSE;FALSE;FALSE
AZ;2016;6.5608;36.707;0.046;FALSE;FALSE;FALSE
CA;2016;6.5626;35.088;0.055;FALSE;FALSE;FALSE
CO;2016;6.5425;35.459;0.04;FALSE;FALSE;FALSE
CT;2016;6.554;35.816;0.03;FALSE;FALSE;FALSE
DE;2016;6.5834;36.655;0.036;FALSE;FALSE;FALSE
FL;2016;6.4757;36.865;0.044;FALSE;FALSE;FALSE
GA;2016;6.508;36.743;0.055;FALSE;FALSE;FALSE
HI;2016;6.4717;35.87;0.02;FALSE;FALSE;FALSE
IA;2016;6.3227;35.445;0.04;FALSE;FALSE;FALSE
ID;2016;6.3692;34.916;0.031;FALSE;FALSE;FALSE
IL;2016;6.543;36.437;0.063;FALSE;FALSE;FALSE
IN;2016;6.4207;35.289;0.023;FALSE;FALSE;FALSE
KS;2016;6.4736;37.118;0.047;FALSE;FALSE;FALSE
KY;2016;6.409;35.911;0.028;FALSE;FALSE;FALSE
LA;2016;6.3905;36.081;0.046;FALSE;FALSE;FALSE
MA;2016;6.6103;35.224;0.024;FALSE;FALSE;FALSE
MD;2016;6.6619;37.671;0.027;FALSE;FALSE;FALSE
ME;2016;6.5089;34.688;0.035;FALSE;FALSE;FALSE
MI;2016;6.4454;35.362;0.05;FALSE;FALSE;FALSE
MN;2016;6.5915;37.027;0.028;FALSE;FALSE;FALSE
MO;2016;6.4466;35.921;0.047;FALSE;FALSE;FALSE
MS;2016;6.3217;37.197;0.033;FALSE;FALSE;FALSE
MT;2016;6.3168;33.922;0.04;FALSE;FALSE;FALSE
NC;2016;6.4131;35.327;0.034;FALSE;FALSE;FALSE
ND;2016;6.4867;36.337;0.028;FALSE;FALSE;FALSE
NE;2016;6.4525;35.887;0.028;FALSE;FALSE;FALSE
NH;2016;6.5228;35.754;0.012;FALSE;FALSE;FALSE
NJ;2016;6.6092;36.469;0.048;FALSE;FALSE;FALSE
NM;2016;6.4009;36.108;0.063;FALSE;FALSE;FALSE
NV;2016;6.3121;35.973;0.058;FALSE;FALSE;FALSE
NY;2016;6.6318;36.509;0.034;FALSE;FALSE;FALSE
OH;2016;6.4439;34.96;0.051;FALSE;FALSE;FALSE
OK;2016;6.294;35.751;0.045;FALSE;FALSE;FALSE
OR;2016;6.5194;34.829;0.034;FALSE;FALSE;FALSE
PA;2016;6.4523;36.436;0.049;FALSE;FALSE;FALSE
RI;2016;6.4517;33.386;0.04;FALSE;FALSE;FALSE
SC;2016;6.4429;36.48;0.049;FALSE;FALSE;FALSE
SD;2016;6.4177;36.622;0.025;FALSE;FALSE;FALSE
TN;2016;6.3866;35.855;0.035;FALSE;FALSE;FALSE
TX;2016;6.4726;37.617;0.045;FALSE;FALSE;FALSE
UT;2016;6.3485;32.543;0.023;FALSE;FALSE;FALSE
VA;2016;6.5337;35.59;0.041;FALSE;FALSE;FALSE
VT;2016;6.4937;35.565;0.031;FALSE;FALSE;FALSE
WA;2016;6.6044;36.086;0.034;FALSE;FALSE;FALSE
WI;2016;6.468;36.615;0.044;FALSE;FALSE;FALSE
WV;2016;6.4632;36.489;0.072;FALSE;FALSE;FALSE
WY;2016;6.369;36.148;0.027;FALSE;FALSE;FALSE
AK;2017;6.6;36.103;0.06;FALSE;FALSE;FALSE
AL;2017;6.4411;37.031;0.035;FALSE;FALSE;FALSE
AR;2017;6.4146;36.017;0.027;FALSE;FALSE;FALSE
AZ;2017;6.4816;36.286;0.057;FALSE;FALSE;FALSE
CA;2017;6.6308;35.881;0.041;FALSE;FALSE;FALSE
CO;2017;6.5497;35.171;0.04;FALSE;FALSE;FALSE
CT;2017;6.6336;35.797;0.045;FALSE;FALSE;FALSE
DE;2017;6.5453;37.211;0.04;FALSE;FALSE;FALSE
FL;2017;6.5026;36.689;0.046;FALSE;FALSE;FALSE
GA;2017;6.4737;37.074;0.028;FALSE;FALSE;FALSE
HI;2017;6.5479;35.091;0.006;FALSE;FALSE;FALSE
IA;2017;6.5015;35.949;0.024;FALSE;FALSE;FALSE
ID;2017;6.4027;35.553;0.034;FALSE;FALSE;FALSE
IL;2017;6.5586;36.016;0.035;FALSE;FALSE;FALSE
IN;2017;6.4956;35.977;0.027;FALSE;FALSE;FALSE
KS;2017;6.4736;36.37;0.044;FALSE;FALSE;FALSE
KY;2017;6.4426;36.124;0.047;FALSE;FALSE;FALSE
LA;2017;6.4426;36.376;0.029;FALSE;FALSE;FALSE
MA;2017;6.6237;34.803;0.035;FALSE;FALSE;FALSE
MD;2017;6.6585;37.031;0.043;FALSE;FALSE;FALSE
ME;2017;6.5547;35.816;0.018;FALSE;FALSE;FALSE
MI;2017;6.5384;35.459;0.052;FALSE;FALSE;FALSE
MN;2017;6.6609;37.398;0.032;FALSE;FALSE;FALSE
MO;2017;6.5457;37.29;0.025;FALSE;FALSE;FALSE
MS;2017;6.3909;37.742;0.049;FALSE;FALSE;FALSE
MT;2017;6.4362;35.282;0.026;FALSE;FALSE;FALSE
NC;2017;6.5435;35.355;0.043;FALSE;FALSE;FALSE
ND;2017;6.514;37.117;0.021;FALSE;FALSE;FALSE
NE;2017;6.5256;35.282;0.016;FALSE;FALSE;FALSE
NH;2017;6.6254;36.184;0.022;FALSE;FALSE;FALSE
NJ;2017;6.6711;37.179;0.028;FALSE;FALSE;FALSE
NM;2017;6.3383;35.689;0.032;FALSE;FALSE;FALSE
NV;2017;6.4206;36.595;0.05;FALSE;FALSE;FALSE
NY;2017;6.6213;36.76;0.04;FALSE;FALSE;FALSE
OH;2017;6.5267;35.947;0.037;FALSE;FALSE;FALSE
OK;2017;6.387;35.289;0.029;FALSE;FALSE;FALSE
OR;2017;6.5299;34.535;0.036;FALSE;FALSE;FALSE
PA;2017;6.4989;35.482;0.05;FALSE;FALSE;FALSE
RI;2017;6.4914;34.268;0.027;FALSE;FALSE;FALSE
SC;2017;6.4609;35.883;0.025;FALSE;FALSE;FALSE
SD;2017;6.4153;35.973;0.046;FALSE;FALSE;FALSE
TN;2017;6.4746;37.122;0.039;FALSE;FALSE;FALSE
TX;2017;6.4976;36.806;0.039;FALSE;FALSE;FALSE
UT;2017;6.3915;34.115;0.021;FALSE;FALSE;FALSE
VA;2017;6.6341;36.159;0.039;FALSE;FALSE;FALSE
VT;2017;6.5845;37.167;0.021;FALSE;FALSE;FALSE
WA;2017;6.6148;36.054;0.049;FALSE;FALSE;FALSE
WI;2017;6.5339;37.009;0.037;FALSE;FALSE;FALSE
WV;2017;6.4356;35.913;0.034;FALSE;FALSE;FALSE
WY;2017;6.3925;36.258;0.037;FALSE;FALSE;FALSE
AK;2018;6.6831;37.239;0.057;FALSE;TRUE;FALSE
AL;2018;6.5161;37.606;0.047;FALSE;FALSE;FALSE
AR;2018;6.4354;33.389;0.038;FALSE;TRUE;FALSE
AZ;2018;6.5449;36.931;0.037;FALSE;TRUE;FALSE
CA;2018;6.6625;36.841;0.045;TRUE;FALSE;TRUE
CO;2018;6.7095;37.799;0.009;FALSE;FALSE;TRUE
CT;2018;6.692;36.532;0.013;TRUE;TRUE;TRUE
DE;2018;6.6777;37.346;0.031;TRUE;TRUE;TRUE
FL;2018;6.5327;36.455;0.035;FALSE;FALSE;FALSE
GA;2018;6.5151;37.086;0.04;FALSE;FALSE;FALSE
HI;2018;6.5761;35.648;0.023;FALSE;FALSE;TRUE
IA;2018;6.5528;37.617;0.03;FALSE;FALSE;FALSE
ID;2018;6.4216;34.934;0.014;FALSE;TRUE;FALSE
IL;2018;6.6149;36.689;0.028;FALSE;FALSE;TRUE
IN;2018;6.4748;35.556;0.022;FALSE;FALSE;FALSE
KS;2018;6.5968;38.611;0.023;FALSE;TRUE;FALSE
KY;2018;6.5016;36.736;0.049;FALSE;TRUE;FALSE
LA;2018;6.4192;36.277;0.05;FALSE;TRUE;FALSE
MA;2018;6.7572;35.909;0.015;TRUE;FALSE;TRUE
MD;2018;6.8061;37.921;0.045;FALSE;FALSE;TRUE
ME;2018;6.471;34.783;0.022;FALSE;TRUE;TRUE
MI;2018;6.5735;35.122;0.041;FALSE;TRUE;FALSE
MN;2018;6.762;37.247;0.014;FALSE;FALSE;TRUE
MO;2018;6.5125;37.547;0.015;FALSE;FALSE;FALSE
MS;2018;6.4505;37.778;0.036;FALSE;TRUE;FALSE
MT;2018;6.4145;33.181;0.03;FALSE;TRUE;FALSE
NC;2018;6.5131;36.861;0.036;FALSE;TRUE;TRUE
ND;2018;6.5255;36.571;0.012;FALSE;FALSE;FALSE
NE;2018;6.5528;36.232;0.025;FALSE;TRUE;FALSE
NH;2018;6.6746;36.831;0.035;FALSE;TRUE;FALSE
NJ;2018;6.7815;37.979;0.033;FALSE;FALSE;FALSE
NM;2018;6.5381;37.12;0.057;FALSE;TRUE;FALSE
NV;2018;6.5633;38.684;0.041;FALSE;TRUE;TRUE
NY;2018;6.6103;35.665;0.032;FALSE;FALSE;TRUE
OH;2018;6.5308;35.189;0.027;FALSE;TRUE;FALSE
OK;2018;6.4507;37.392;0.042;FALSE;FALSE;FALSE
OR;2018;6.5752;33.636;0.037;TRUE;TRUE;TRUE
PA;2018;6.54;36.428;0.037;FALSE;FALSE;TRUE
RI;2018;6.6182;32.621;0.035;TRUE;FALSE;FALSE
SC;2018;6.4589;36.834;0.029;FALSE;FALSE;FALSE
SD;2018;6.5393;35.246;0.01;FALSE;TRUE;FALSE
TN;2018;6.5153;35.778;0.023;FALSE;FALSE;FALSE
TX;2018;6.474;37.361;0.033;FALSE;FALSE;FALSE
UT;2018;6.3802;34.052;0.039;FALSE;FALSE;FALSE
VA;2018;6.6092;37.197;0.021;FALSE;FALSE;FALSE
VT;2018;6.668;38.76;0.027;TRUE;TRUE;TRUE
WA;2018;6.6797;36.485;0.033;TRUE;FALSE;TRUE
WI;2018;6.5064;35.916;0.009;FALSE;TRUE;FALSE
WV;2018;6.4856;36.563;0.055;FALSE;TRUE;FALSE
WY;2018;6.4247;35.951;0.032;FALSE;TRUE;TRUE
